dexNum,name,baseName,type1,type2,total,hp,atk,def,spa,spd,spe
1,Bulbasaur,Bulbasaur,Grass,Poison,318,45,49,49,65,65,45
2,Ivysaur,Ivysaur,Grass,Poison,405,60,62,63,80,80,60
3,Venusaur,Venusaur,Grass,Poison,525,80,82,83,100,100,80
3,Mega Venusaur,Venusaur,Grass,Poison,625,80,100,123,122,120,80
4,Charmander,Charmander,Fire,,309,39,52,43,60,50,65
5,Charmeleon,Charmeleon,Fire,,405,58,64,58,80,65,80
6,Charizard,Charizard,Fire,Flying,534,78,84,78,109,85,100
6,Mega Charizard X,Charizard,Fire,Dragon,634,78,130,111,130,85,100
6,Mega Charizard Y,Charizard,Fire,Flying,634,78,104,78,159,115,100
7,Squirtle,Squirtle,Water,,314,44,48,65,50,64,43
8,Wartortle,Wartortle,Water,,405,59,63,80,65,80,58
9,Blastoise,Blastoise,Water,,530,79,83,100,85,105,78
9,Mega Blastoise,Blastoise,Water,,630,79,103,120,135,115,78
10,Caterpie,Caterpie,Bug,,195,45,30,35,20,20,45
11,Metapod,Metapod,Bug,,205,50,20,55,25,25,30
12,Butterfree,Butterfree,Bug,Flying,395,60,45,50,90,80,70
13,Weedle,Weedle,Bug,Poison,195,40,35,30,20,20,50
14,Kakuna,Kakuna,Bug,Poison,205,45,25,50,25,25,35
15,Beedrill,Beedrill,Bug,Poison,395,65,90,40,45,80,75
15,Mega Beedrill,Beedrill,Bug,Poison,495,65,150,40,15,80,145
16,Pidgey,Pidgey,Normal,Flying,251,40,45,40,35,35,56
17,Pidgeotto,Pidgeotto,Normal,Flying,349,63,60,55,50,50,71
18,Pidgeot,Pidgeot,Normal,Flying,479,83,80,75,70,70,101
18,Mega Pidgeot,Pidgeot,Normal,Flying,579,83,80,80,135,80,121
19,Rattata,Rattata,Normal,,253,30,56,35,25,35,72
19,Alolan Rattata,Rattata,Dark,Normal,253,30,56,35,25,35,72
20,Raticate,Raticate,Normal,,413,55,81,60,50,70,97
20,Alolan Raticate,Raticate,Dark,Normal,413,75,71,70,40,80,77
21,Spearow,Spearow,Normal,Flying,262,40,60,30,31,31,70
22,Fearow,Fearow,Normal,Flying,442,65,90,65,61,61,100
23,Ekans,Ekans,Poison,,288,35,60,44,40,54,55
24,Arbok,Arbok,Poison,,448,60,95,69,65,79,80
25,Pikachu,Pikachu,Electric,,320,35,55,40,50,50,90
25,Pikachu (Partner Pikachu),Pikachu,Electric,,430,45,80,50,75,60,120
26,Raichu,Raichu,Electric,,485,60,90,55,90,80,110
26,Alolan Raichu,Raichu,Electric,Psychic,485,60,85,50,95,85,110
27,Sandshrew,Sandshrew,Ground,,300,50,75,85,20,30,40
27,Alolan Sandshrew,Sandshrew,Ice,Steel,300,50,75,90,10,35,40
28,Sandslash,Sandslash,Ground,,450,75,100,110,45,55,65
28,Alolan Sandslash,Sandslash,Ice,Steel,450,75,100,120,25,65,65
29,Nidoran♀,Nidoran♀,Poison,,275,55,47,52,40,40,41
30,Nidorina,Nidorina,Poison,,365,70,62,67,55,55,56
31,Nidoqueen,Nidoqueen,Poison,Ground,505,90,92,87,75,85,76
32,Nidoran♂,Nidoran♂,Poison,,273,46,57,40,40,40,50
33,Nidorino,Nidorino,Poison,,365,61,72,57,55,55,65
34,Nidoking,Nidoking,Poison,Ground,505,81,102,77,85,75,85
35,Clefairy,Clefairy,Fairy,,323,70,45,48,60,65,35
36,Clefable,Clefable,Fairy,,483,95,70,73,95,90,60
37,Vulpix,Vulpix,Fire,,299,38,41,40,50,65,65
37,Alolan Vulpix,Vulpix,Ice,,299,38,41,40,50,65,65
38,Ninetales,Ninetales,Fire,,505,73,76,75,81,100,100
38,Alolan Ninetales,Ninetales,Ice,Fairy,505,73,67,75,81,100,109
39,Jigglypuff,Jigglypuff,Normal,Fairy,270,115,45,20,45,25,20
40,Wigglytuff,Wigglytuff,Normal,Fairy,435,140,70,45,85,50,45
41,Zubat,Zubat,Poison,Flying,245,40,45,35,30,40,55
42,Golbat,Golbat,Poison,Flying,455,75,80,70,65,75,90
43,Oddish,Oddish,Grass,Poison,320,45,50,55,75,65,30
44,Gloom,Gloom,Grass,Poison,395,60,65,70,85,75,40
45,Vileplume,Vileplume,Grass,Poison,490,75,80,85,110,90,50
46,Paras,Paras,Bug,Grass,285,35,70,55,45,55,25
47,Parasect,Parasect,Bug,Grass,405,60,95,80,60,80,30
48,Venonat,Venonat,Bug,Poison,305,60,55,50,40,55,45
49,Venomoth,Venomoth,Bug,Poison,450,70,65,60,90,75,90
50,Diglett,Diglett,Ground,,265,10,55,25,35,45,95
50,Alolan Diglett,Diglett,Ground,Steel,265,10,55,30,35,45,90
51,Dugtrio,Dugtrio,Ground,,425,35,100,50,50,70,120
51,Alolan Dugtrio,Dugtrio,Ground,Steel,425,35,100,60,50,70,110
52,Meowth,Meowth,Normal,,290,40,45,35,40,40,90
52,Alolan Meowth,Meowth,Dark,,290,40,35,35,50,40,90
52,Galarian Meowth,Meowth,Steel,,290,50,65,55,40,40,40
53,Persian,Persian,Normal,,440,65,70,60,65,65,115
53,Alolan Persian,Persian,Dark,,440,65,60,60,75,65,115
54,Psyduck,Psyduck,Water,,320,50,52,48,65,50,55
55,Golduck,Golduck,Water,,500,80,82,78,95,80,85
56,Mankey,Mankey,Fighting,,305,40,80,35,35,45,70
57,Primeape,Primeape,Fighting,,455,65,105,60,60,70,95
58,Growlithe,Growlithe,Fire,,350,55,70,45,70,50,60
58,Hisuian Growlithe,Growlithe,Fire,Rock,350,60,75,45,65,50,55
59,Arcanine,Arcanine,Fire,,555,90,110,80,100,80,95
59,Hisuian Arcanine,Arcanine,Fire,Rock,555,95,115,80,95,80,90
60,Poliwag,Poliwag,Water,,300,40,50,40,40,40,90
61,Poliwhirl,Poliwhirl,Water,,385,65,65,65,50,50,90
62,Poliwrath,Poliwrath,Water,Fighting,510,90,95,95,70,90,70
63,Abra,Abra,Psychic,,310,25,20,15,105,55,90
64,Kadabra,Kadabra,Psychic,,400,40,35,30,120,70,105
65,Alakazam,Alakazam,Psychic,,500,55,50,45,135,95,120
65,Mega Alakazam,Alakazam,Psychic,,600,55,50,65,175,105,150
66,Machop,Machop,Fighting,,305,70,80,50,35,35,35
67,Machoke,Machoke,Fighting,,405,80,100,70,50,60,45
68,Machamp,Machamp,Fighting,,505,90,130,80,65,85,55
69,Bellsprout,Bellsprout,Grass,Poison,300,50,75,35,70,30,40
70,Weepinbell,Weepinbell,Grass,Poison,390,65,90,50,85,45,55
71,Victreebel,Victreebel,Grass,Poison,490,80,105,65,100,70,70
71,Victreebel,Victreebel,Grass,Poison,590,80,125,85,135,95,70
72,Tentacool,Tentacool,Water,Poison,335,40,40,35,50,100,70
73,Tentacruel,Tentacruel,Water,Poison,515,80,70,65,80,120,100
74,Geodude,Geodude,Rock,Ground,300,40,80,100,30,30,20
74,Alolan Geodude,Geodude,Rock,Electric,300,40,80,100,30,30,20
75,Graveler,Graveler,Rock,Ground,390,55,95,115,45,45,35
75,Alolan Graveler,Graveler,Rock,Electric,390,55,95,115,45,45,35
76,Golem,Golem,Rock,Ground,495,80,120,130,55,65,45
76,Alolan Golem,Golem,Rock,Electric,495,80,120,130,55,65,45
77,Ponyta,Ponyta,Fire,,410,50,85,55,65,65,90
77,Galarian Ponyta,Ponyta,Psychic,,410,50,85,55,65,65,90
78,Rapidash,Rapidash,Fire,,500,65,100,70,80,80,105
78,Galarian Rapidash,Rapidash,Psychic,Fairy,500,65,100,70,80,80,105
79,Slowpoke,Slowpoke,Water,Psychic,315,90,65,65,40,40,15
79,Galarian Slowpoke,Slowpoke,Psychic,,315,90,65,65,40,40,15
80,Slowbro,Slowbro,Water,Psychic,490,95,75,110,100,80,30
80,Mega Slowbro,Slowbro,Water,Psychic,590,95,75,180,130,80,30
80,Galarian Slowbro,Slowbro,Poison,Psychic,490,95,100,95,100,70,30
81,Magnemite,Magnemite,Electric,Steel,325,25,35,70,95,55,45
82,Magneton,Magneton,Electric,Steel,465,50,60,95,120,70,70
83,Farfetch'd,Farfetch'd,Normal,Flying,377,52,90,55,58,62,60
83,Galarian Farfetch'd,Farfetch'd,Fighting,,377,52,95,55,58,62,55
84,Doduo,Doduo,Normal,Flying,310,35,85,45,35,35,75
85,Dodrio,Dodrio,Normal,Flying,470,60,110,70,60,60,110
86,Seel,Seel,Water,,325,65,45,55,45,70,45
87,Dewgong,Dewgong,Water,Ice,475,90,70,80,70,95,70
88,Grimer,Grimer,Poison,,325,80,80,50,40,50,25
88,Alolan Grimer,Grimer,Poison,Dark,325,80,80,50,40,50,25
89,Muk,Muk,Poison,,500,105,105,75,65,100,50
89,Alolan Muk,Muk,Poison,Dark,500,105,105,75,65,100,50
90,Shellder,Shellder,Water,,305,30,65,100,45,25,40
91,Cloyster,Cloyster,Water,Ice,525,50,95,180,85,45,70
92,Gastly,Gastly,Ghost,Poison,310,30,35,30,100,35,80
93,Haunter,Haunter,Ghost,Poison,405,45,50,45,115,55,95
94,Gengar,Gengar,Ghost,Poison,500,60,65,60,130,75,110
94,Mega Gengar,Gengar,Ghost,Poison,600,60,65,80,170,95,130
95,Onix,Onix,Rock,Ground,385,35,45,160,30,45,70
96,Drowzee,Drowzee,Psychic,,328,60,48,45,43,90,42
97,Hypno,Hypno,Psychic,,483,85,73,70,73,115,67
98,Krabby,Krabby,Water,,325,30,105,90,25,25,50
99,Kingler,Kingler,Water,,475,55,130,115,50,50,75
100,Voltorb,Voltorb,Electric,,330,40,30,50,55,55,100
100,Hisuian Voltorb,Voltorb,Electric,Grass,330,40,30,50,55,55,100
101,Electrode,Electrode,Electric,,490,60,50,70,80,80,150
101,Hisuian Electrode,Electrode,Electric,Grass,490,60,50,70,80,80,150
102,Exeggcute,Exeggcute,Grass,Psychic,325,60,40,80,60,45,40
103,Exeggutor,Exeggutor,Grass,Psychic,530,95,95,85,125,75,55
103,Alolan Exeggutor,Exeggutor,Grass,Dragon,530,95,105,85,125,75,45
104,Cubone,Cubone,Ground,,320,50,50,95,40,50,35
105,Marowak,Marowak,Ground,,425,60,80,110,50,80,45
105,Alolan Marowak,Marowak,Fire,Ghost,425,60,80,110,50,80,45
106,Hitmonlee,Hitmonlee,Fighting,,455,50,120,53,35,110,87
107,Hitmonchan,Hitmonchan,Fighting,,455,50,105,79,35,110,76
108,Lickitung,Lickitung,Normal,,385,90,55,75,60,75,30
109,Koffing,Koffing,Poison,,340,40,65,95,60,45,35
110,Weezing,Weezing,Poison,,490,65,90,120,85,70,60
110,Galarian Weezing,Weezing,Poison,Fairy,490,65,90,120,85,70,60
111,Rhyhorn,Rhyhorn,Ground,Rock,345,80,85,95,30,30,25
112,Rhydon,Rhydon,Ground,Rock,485,105,130,120,45,45,40
113,Chansey,Chansey,Normal,,450,250,5,5,35,105,50
114,Tangela,Tangela,Grass,,435,65,55,115,100,40,60
115,Kangaskhan,Kangaskhan,Normal,,490,105,95,80,40,80,90
115,Mega Kangaskhan,Kangaskhan,Normal,,590,105,125,100,60,100,100
116,Horsea,Horsea,Water,,295,30,40,70,70,25,60
117,Seadra,Seadra,Water,,440,55,65,95,95,45,85
118,Goldeen,Goldeen,Water,,320,45,67,60,35,50,63
119,Seaking,Seaking,Water,,450,80,92,65,65,80,68
120,Staryu,Staryu,Water,,340,30,45,55,70,55,85
121,Starmie,Starmie,Water,Psychic,520,60,75,85,100,85,115
122,Mr. Mime,Mr. Mime,Psychic,Fairy,460,40,45,65,100,120,90
122,Galarian Mr. Mime,Mr. Mime,Ice,Psychic,460,50,65,65,90,90,100
123,Scyther,Scyther,Bug,Flying,500,70,110,80,55,80,105
124,Jynx,Jynx,Ice,Psychic,455,65,50,35,115,95,95
125,Electabuzz,Electabuzz,Electric,,490,65,83,57,95,85,105
126,Magmar,Magmar,Fire,,495,65,95,57,100,85,93
127,Pinsir,Pinsir,Bug,,500,65,125,100,55,70,85
127,Mega Pinsir,Pinsir,Bug,Flying,600,65,155,120,65,90,105
128,Tauros,Tauros,Normal,,490,75,100,95,40,70,110
128,Tauros (Combat Breed),Tauros,Fighting,,490,75,110,105,30,70,100
128,Tauros (Blaze Breed),Tauros,Fighting,Fire,490,75,110,105,30,70,100
128,Tauros (Aqua Breed),Tauros,Fighting,Water,490,75,110,105,30,70,100
129,Magikarp,Magikarp,Water,,200,20,10,55,15,20,80
130,Gyarados,Gyarados,Water,Flying,540,95,125,79,60,100,81
130,Mega Gyarados,Gyarados,Water,Dark,640,95,155,109,70,130,81
131,Lapras,Lapras,Water,Ice,535,130,85,80,85,95,60
132,Ditto,Ditto,Normal,,288,48,48,48,48,48,48
133,Eevee,Eevee,Normal,,325,55,55,50,45,65,55
133,Eevee (Partner Eevee),Eevee,Normal,,435,65,75,70,65,85,75
134,Vaporeon,Vaporeon,Water,,525,130,65,60,110,95,65
135,Jolteon,Jolteon,Electric,,525,65,65,60,110,95,130
136,Flareon,Flareon,Fire,,525,65,130,60,95,110,65
137,Porygon,Porygon,Normal,,395,65,60,70,85,75,40
138,Omanyte,Omanyte,Rock,Water,355,35,40,100,90,55,35
139,Omastar,Omastar,Rock,Water,495,70,60,125,115,70,55
140,Kabuto,Kabuto,Rock,Water,355,30,80,90,55,45,55
141,Kabutops,Kabutops,Rock,Water,495,60,115,105,65,70,80
142,Aerodactyl,Aerodactyl,Rock,Flying,515,80,105,65,60,75,130
142,Mega Aerodactyl,Aerodactyl,Rock,Flying,615,80,135,85,70,95,150
143,Snorlax,Snorlax,Normal,,540,160,110,65,65,110,30
144,Articuno,Articuno,Ice,Flying,580,90,85,100,95,125,85
144,Galarian Articuno,Articuno,Psychic,Flying,580,90,85,85,125,100,95
145,Zapdos,Zapdos,Electric,Flying,580,90,90,85,125,90,100
145,Galarian Zapdos,Zapdos,Fighting,Flying,580,90,125,90,85,90,100
146,Moltres,Moltres,Fire,Flying,580,90,100,90,125,85,90
146,Galarian Moltres,Moltres,Dark,Flying,580,90,85,90,100,125,90
147,Dratini,Dratini,Dragon,,300,41,64,45,50,50,50
148,Dragonair,Dragonair,Dragon,,420,61,84,65,70,70,70
149,Dragonite,Dragonite,Dragon,Flying,600,91,134,95,100,100,80
149,Dragonite,Dragonite,Dragon,Flying,700,91,124,115,145,125,100
150,Mewtwo,Mewtwo,Psychic,,680,106,110,90,154,90,130
150,Mega Mewtwo X,Mewtwo,Psychic,Fighting,780,106,190,100,154,100,130
150,Mega Mewtwo Y,Mewtwo,Psychic,,780,106,150,70,194,120,140
151,Mew,Mew,Psychic,,600,100,100,100,100,100,100
152,Chikorita,Chikorita,Grass,,318,45,49,65,49,65,45
153,Bayleef,Bayleef,Grass,,405,60,62,80,63,80,60
154,Meganium,Meganium,Grass,,525,80,82,100,83,100,80
155,Cyndaquil,Cyndaquil,Fire,,309,39,52,43,60,50,65
156,Quilava,Quilava,Fire,,405,58,64,58,80,65,80
157,Typhlosion,Typhlosion,Fire,,534,78,84,78,109,85,100
157,Hisuian Typhlosion,Typhlosion,Fire,Ghost,534,73,84,78,119,85,95
158,Totodile,Totodile,Water,,314,50,65,64,44,48,43
159,Croconaw,Croconaw,Water,,405,65,80,80,59,63,58
160,Feraligatr,Feraligatr,Water,,530,85,105,100,79,83,78
161,Sentret,Sentret,Normal,,215,35,46,34,35,45,20
162,Furret,Furret,Normal,,415,85,76,64,45,55,90
163,Hoothoot,Hoothoot,Normal,Flying,262,60,30,30,36,56,50
164,Noctowl,Noctowl,Normal,Flying,452,100,50,50,86,96,70
165,Ledyba,Ledyba,Bug,Flying,265,40,20,30,40,80,55
166,Ledian,Ledian,Bug,Flying,390,55,35,50,55,110,85
167,Spinarak,Spinarak,Bug,Poison,250,40,60,40,40,40,30
168,Ariados,Ariados,Bug,Poison,400,70,90,70,60,70,40
169,Crobat,Crobat,Poison,Flying,535,85,90,80,70,80,130
170,Chinchou,Chinchou,Water,Electric,330,75,38,38,56,56,67
171,Lanturn,Lanturn,Water,Electric,460,125,58,58,76,76,67
172,Pichu,Pichu,Electric,,205,20,40,15,35,35,60
173,Cleffa,Cleffa,Fairy,,218,50,25,28,45,55,15
174,Igglybuff,Igglybuff,Normal,Fairy,210,90,30,15,40,20,15
175,Togepi,Togepi,Fairy,,245,35,20,65,40,65,20
176,Togetic,Togetic,Fairy,Flying,405,55,40,85,80,105,40
177,Natu,Natu,Psychic,Flying,320,40,50,45,70,45,70
178,Xatu,Xatu,Psychic,Flying,470,65,75,70,95,70,95
179,Mareep,Mareep,Electric,,280,55,40,40,65,45,35
180,Flaaffy,Flaaffy,Electric,,365,70,55,55,80,60,45
181,Ampharos,Ampharos,Electric,,510,90,75,85,115,90,55
181,Mega Ampharos,Ampharos,Electric,Dragon,610,90,95,105,165,110,45
182,Bellossom,Bellossom,Grass,,490,75,80,95,90,100,50
183,Marill,Marill,Water,Fairy,250,70,20,50,20,50,40
184,Azumarill,Azumarill,Water,Fairy,420,100,50,80,60,80,50
185,Sudowoodo,Sudowoodo,Rock,,410,70,100,115,30,65,30
186,Politoed,Politoed,Water,,500,90,75,75,90,100,70
187,Hoppip,Hoppip,Grass,Flying,250,35,35,40,35,55,50
188,Skiploom,Skiploom,Grass,Flying,340,55,45,50,45,65,80
189,Jumpluff,Jumpluff,Grass,Flying,460,75,55,70,55,95,110
190,Aipom,Aipom,Normal,,360,55,70,55,40,55,85
191,Sunkern,Sunkern,Grass,,180,30,30,30,30,30,30
192,Sunflora,Sunflora,Grass,,425,75,75,55,105,85,30
193,Yanma,Yanma,Bug,Flying,390,65,65,45,75,45,95
194,Wooper,Wooper,Water,Ground,210,55,45,45,25,25,15
194,Paldean Wooper,Wooper,Poison,Ground,210,55,45,45,25,25,15
195,Quagsire,Quagsire,Water,Ground,430,95,85,85,65,65,35
196,Espeon,Espeon,Psychic,,525,65,65,60,130,95,110
197,Umbreon,Umbreon,Dark,,525,95,65,110,60,130,65
198,Murkrow,Murkrow,Dark,Flying,405,60,85,42,85,42,91
199,Slowking,Slowking,Water,Psychic,490,95,75,80,100,110,30
199,Galarian Slowking,Slowking,Poison,Psychic,490,95,65,80,110,110,30
200,Misdreavus,Misdreavus,Ghost,,435,60,60,60,85,85,85
201,Unown,Unown,Psychic,,336,48,72,48,72,48,48
202,Wobbuffet,Wobbuffet,Psychic,,405,190,33,58,33,58,33
203,Girafarig,Girafarig,Normal,Psychic,455,70,80,65,90,65,85
204,Pineco,Pineco,Bug,,290,50,65,90,35,35,15
205,Forretress,Forretress,Bug,Steel,465,75,90,140,60,60,40
206,Dunsparce,Dunsparce,Normal,,415,100,70,70,65,65,45
207,Gligar,Gligar,Ground,Flying,430,65,75,105,35,65,85
208,Steelix,Steelix,Steel,Ground,510,75,85,200,55,65,30
208,Mega Steelix,Steelix,Steel,Ground,610,75,125,230,55,95,30
209,Snubbull,Snubbull,Fairy,,300,60,80,50,40,40,30
210,Granbull,Granbull,Fairy,,450,90,120,75,60,60,45
211,Qwilfish,Qwilfish,Water,Poison,440,65,95,85,55,55,85
211,Hisuian Qwilfish,Qwilfish,Dark,Poison,440,65,95,85,55,55,85
212,Scizor,Scizor,Bug,Steel,500,70,130,100,55,80,65
212,Mega Scizor,Scizor,Bug,Steel,600,70,150,140,65,100,75
213,Shuckle,Shuckle,Bug,Rock,505,20,10,230,10,230,5
214,Heracross,Heracross,Bug,Fighting,500,80,125,75,40,95,85
214,Mega Heracross,Heracross,Bug,Fighting,600,80,185,115,40,105,75
215,Sneasel,Sneasel,Dark,Ice,430,55,95,55,35,75,115
215,Hisuian Sneasel,Sneasel,Fighting,Poison,430,55,95,55,35,75,115
216,Teddiursa,Teddiursa,Normal,,330,60,80,50,50,50,40
217,Ursaring,Ursaring,Normal,,500,90,130,75,75,75,55
218,Slugma,Slugma,Fire,,250,40,40,40,70,40,20
219,Magcargo,Magcargo,Fire,Rock,430,60,50,120,90,80,30
220,Swinub,Swinub,Ice,Ground,250,50,50,40,30,30,50
221,Piloswine,Piloswine,Ice,Ground,450,100,100,80,60,60,50
222,Corsola,Corsola,Water,Rock,410,65,55,95,65,95,35
222,Galarian Corsola,Corsola,Ghost,,410,60,55,100,65,100,30
223,Remoraid,Remoraid,Water,,300,35,65,35,65,35,65
224,Octillery,Octillery,Water,,480,75,105,75,105,75,45
225,Delibird,Delibird,Ice,Flying,330,45,55,45,65,45,75
226,Mantine,Mantine,Water,Flying,485,85,40,70,80,140,70
227,Skarmory,Skarmory,Steel,Flying,465,65,80,140,40,70,70
228,Houndour,Houndour,Dark,Fire,330,45,60,30,80,50,65
229,Houndoom,Houndoom,Dark,Fire,500,75,90,50,110,80,95
229,Mega Houndoom,Houndoom,Dark,Fire,600,75,90,90,140,90,115
230,Kingdra,Kingdra,Water,Dragon,540,75,95,95,95,95,85
231,Phanpy,Phanpy,Ground,,330,90,60,60,40,40,40
232,Donphan,Donphan,Ground,,500,90,120,120,60,60,50
233,Porygon2,Porygon2,Normal,,515,85,80,90,105,95,60
234,Stantler,Stantler,Normal,,465,73,95,62,85,65,85
235,Smeargle,Smeargle,Normal,,250,55,20,35,20,45,75
236,Tyrogue,Tyrogue,Fighting,,210,35,35,35,35,35,35
237,Hitmontop,Hitmontop,Fighting,,455,50,95,95,35,110,70
238,Smoochum,Smoochum,Ice,Psychic,305,45,30,15,85,65,65
239,Elekid,Elekid,Electric,,360,45,63,37,65,55,95
240,Magby,Magby,Fire,,365,45,75,37,70,55,83
241,Miltank,Miltank,Normal,,490,95,80,105,40,70,100
242,Blissey,Blissey,Normal,,540,255,10,10,75,135,55
243,Raikou,Raikou,Electric,,580,90,85,75,115,100,115
244,Entei,Entei,Fire,,580,115,115,85,90,75,100
245,Suicune,Suicune,Water,,580,100,75,115,90,115,85
246,Larvitar,Larvitar,Rock,Ground,300,50,64,50,45,50,41
247,Pupitar,Pupitar,Rock,Ground,410,70,84,70,65,70,51
248,Tyranitar,Tyranitar,Rock,Dark,600,100,134,110,95,100,61
248,Mega Tyranitar,Tyranitar,Rock,Dark,700,100,164,150,95,120,71
249,Lugia,Lugia,Psychic,Flying,680,106,90,130,90,154,110
250,Ho-oh,Ho-oh,Fire,Flying,680,106,130,90,110,154,90
251,Celebi,Celebi,Psychic,Grass,600,100,100,100,100,100,100
252,Treecko,Treecko,Grass,,310,40,45,35,65,55,70
253,Grovyle,Grovyle,Grass,,405,50,65,45,85,65,95
254,Sceptile,Sceptile,Grass,,530,70,85,65,105,85,120
254,Mega Sceptile,Sceptile,Grass,Dragon,630,70,110,75,145,85,145
255,Torchic,Torchic,Fire,,310,45,60,40,70,50,45
256,Combusken,Combusken,Fire,Fighting,405,60,85,60,85,60,55
257,Blaziken,Blaziken,Fire,Fighting,530,80,120,70,110,70,80
257,Mega Blaziken,Blaziken,Fire,Fighting,630,80,160,80,130,80,100
258,Mudkip,Mudkip,Water,,310,50,70,50,50,50,40
259,Marshtomp,Marshtomp,Water,Ground,405,70,85,70,60,70,50
260,Swampert,Swampert,Water,Ground,535,100,110,90,85,90,60
260,Mega Swampert,Swampert,Water,Ground,635,100,150,110,95,110,70
261,Poochyena,Poochyena,Dark,,220,35,55,35,30,30,35
262,Mightyena,Mightyena,Dark,,420,70,90,70,60,60,70
263,Zigzagoon,Zigzagoon,Normal,,240,38,30,41,30,41,60
263,Galarian Zigzagoon,Zigzagoon,Dark,Normal,240,38,30,41,30,41,60
264,Linoone,Linoone,Normal,,420,78,70,61,50,61,100
264,Galarian Linoone,Linoone,Dark,Normal,420,78,70,61,50,61,100
265,Wurmple,Wurmple,Bug,,195,45,45,35,20,30,20
266,Silcoon,Silcoon,Bug,,205,50,35,55,25,25,15
267,Beautifly,Beautifly,Bug,Flying,395,60,70,50,100,50,65
268,Cascoon,Cascoon,Bug,,205,50,35,55,25,25,15
269,Dustox,Dustox,Bug,Poison,385,60,50,70,50,90,65
270,Lotad,Lotad,Water,Grass,220,40,30,30,40,50,30
271,Lombre,Lombre,Water,Grass,340,60,50,50,60,70,50
272,Ludicolo,Ludicolo,Water,Grass,480,80,70,70,90,100,70
273,Seedot,Seedot,Grass,,220,40,40,50,30,30,30
274,Nuzleaf,Nuzleaf,Grass,Dark,340,70,70,40,60,40,60
275,Shiftry,Shiftry,Grass,Dark,480,90,100,60,90,60,80
276,Taillow,Taillow,Normal,Flying,270,40,55,30,30,30,85
277,Swellow,Swellow,Normal,Flying,455,60,85,60,75,50,125
278,Wingull,Wingull,Water,Flying,270,40,30,30,55,30,85
279,Pelipper,Pelipper,Water,Flying,440,60,50,100,95,70,65
280,Ralts,Ralts,Psychic,Fairy,198,28,25,25,45,35,40
281,Kirlia,Kirlia,Psychic,Fairy,278,38,35,35,65,55,50
282,Gardevoir,Gardevoir,Psychic,Fairy,518,68,65,65,125,115,80
282,Mega Gardevoir,Gardevoir,Psychic,Fairy,618,68,85,65,165,135,100
283,Surskit,Surskit,Bug,Water,269,40,30,32,50,52,65
284,Masquerain,Masquerain,Bug,Flying,454,70,60,62,100,82,80
285,Shroomish,Shroomish,Grass,,295,60,40,60,40,60,35
286,Breloom,Breloom,Grass,Fighting,460,60,130,80,60,60,70
287,Slakoth,Slakoth,Normal,,280,60,60,60,35,35,30
288,Vigoroth,Vigoroth,Normal,,440,80,80,80,55,55,90
289,Slaking,Slaking,Normal,,550,130,140,80,75,45,80
290,Nincada,Nincada,Bug,Ground,266,31,45,90,30,30,40
291,Ninjask,Ninjask,Bug,Flying,456,61,90,45,50,50,160
292,Shedinja,Shedinja,Bug,Ghost,236,1,90,45,30,30,40
293,Whismur,Whismur,Normal,,240,64,51,23,51,23,28
294,Loudred,Loudred,Normal,,360,84,71,43,71,43,48
295,Exploud,Exploud,Normal,,490,104,91,63,91,73,68
296,Makuhita,Makuhita,Fighting,,237,72,60,30,20,30,25
297,Hariyama,Hariyama,Fighting,,474,144,120,60,40,60,50
298,Azurill,Azurill,Normal,Fairy,190,50,20,40,20,40,20
299,Nosepass,Nosepass,Rock,,375,30,45,135,45,90,30
300,Skitty,Skitty,Normal,,260,50,45,45,35,35,50
301,Delcatty,Delcatty,Normal,,400,70,65,65,55,55,90
302,Sableye,Sableye,Dark,Ghost,380,50,75,75,65,65,50
302,Mega Sableye,Sableye,Dark,Ghost,480,50,85,125,85,115,20
303,Mawile,Mawile,Steel,Fairy,380,50,85,85,55,55,50
303,Mega Mawile,Mawile,Steel,Fairy,480,50,105,125,55,95,50
304,Aron,Aron,Steel,Rock,330,50,70,100,40,40,30
305,Lairon,Lairon,Steel,Rock,430,60,90,140,50,50,40
306,Aggron,Aggron,Steel,Rock,530,70,110,180,60,60,50
306,Mega Aggron,Aggron,Steel,,630,70,140,230,60,80,50
307,Meditite,Meditite,Fighting,Psychic,280,30,40,55,40,55,60
308,Medicham,Medicham,Fighting,Psychic,410,60,60,75,60,75,80
308,Mega Medicham,Medicham,Fighting,Psychic,510,60,100,85,80,85,100
309,Electrike,Electrike,Electric,,295,40,45,40,65,40,65
310,Manectric,Manectric,Electric,,475,70,75,60,105,60,105
310,Mega Manectric,Manectric,Electric,,575,70,75,80,135,80,135
311,Plusle,Plusle,Electric,,405,60,50,40,85,75,95
312,Minun,Minun,Electric,,405,60,40,50,75,85,95
313,Volbeat,Volbeat,Bug,,430,65,73,75,47,85,85
314,Illumise,Illumise,Bug,,430,65,47,75,73,85,85
315,Roselia,Roselia,Grass,Poison,400,50,60,45,100,80,65
316,Gulpin,Gulpin,Poison,,302,70,43,53,43,53,40
317,Swalot,Swalot,Poison,,467,100,73,83,73,83,55
318,Carvanha,Carvanha,Water,Dark,305,45,90,20,65,20,65
319,Sharpedo,Sharpedo,Water,Dark,460,70,120,40,95,40,95
319,Mega Sharpedo,Sharpedo,Water,Dark,560,70,140,70,110,65,105
320,Wailmer,Wailmer,Water,,400,130,70,35,70,35,60
321,Wailord,Wailord,Water,,500,170,90,45,90,45,60
322,Numel,Numel,Fire,Ground,305,60,60,40,65,45,35
323,Camerupt,Camerupt,Fire,Ground,460,70,100,70,105,75,40
323,Mega Camerupt,Camerupt,Fire,Ground,560,70,120,100,145,105,20
324,Torkoal,Torkoal,Fire,,470,70,85,140,85,70,20
325,Spoink,Spoink,Psychic,,330,60,25,35,70,80,60
326,Grumpig,Grumpig,Psychic,,470,80,45,65,90,110,80
327,Spinda,Spinda,Normal,,360,60,60,60,60,60,60
328,Trapinch,Trapinch,Ground,,290,45,100,45,45,45,10
329,Vibrava,Vibrava,Ground,Dragon,340,50,70,50,50,50,70
330,Flygon,Flygon,Ground,Dragon,520,80,100,80,80,80,100
331,Cacnea,Cacnea,Grass,,335,50,85,40,85,40,35
332,Cacturne,Cacturne,Grass,Dark,475,70,115,60,115,60,55
333,Swablu,Swablu,Normal,Flying,310,45,40,60,40,75,50
334,Altaria,Altaria,Dragon,Flying,490,75,70,90,70,105,80
334,Mega Altaria,Altaria,Dragon,Fairy,590,75,110,110,110,105,80
335,Zangoose,Zangoose,Normal,,458,73,115,60,60,60,90
336,Seviper,Seviper,Poison,,458,73,100,60,100,60,65
337,Lunatone,Lunatone,Rock,Psychic,460,90,55,65,95,85,70
338,Solrock,Solrock,Rock,Psychic,460,90,95,85,55,65,70
339,Barboach,Barboach,Water,Ground,288,50,48,43,46,41,60
340,Whiscash,Whiscash,Water,Ground,468,110,78,73,76,71,60
341,Corphish,Corphish,Water,,308,43,80,65,50,35,35
342,Crawdaunt,Crawdaunt,Water,Dark,468,63,120,85,90,55,55
343,Baltoy,Baltoy,Ground,Psychic,300,40,40,55,40,70,55
344,Claydol,Claydol,Ground,Psychic,500,60,70,105,70,120,75
345,Lileep,Lileep,Rock,Grass,355,66,41,77,61,87,23
346,Cradily,Cradily,Rock,Grass,495,86,81,97,81,107,43
347,Anorith,Anorith,Rock,Bug,355,45,95,50,40,50,75
348,Armaldo,Armaldo,Rock,Bug,495,75,125,100,70,80,45
349,Feebas,Feebas,Water,,200,20,15,20,10,55,80
350,Milotic,Milotic,Water,,540,95,60,79,100,125,81
351,Castform,Castform,Normal,,420,70,70,70,70,70,70
351,Castform (Sunny Form),Castform,Fire,,420,70,70,70,70,70,70
351,Castform (Rainy Form),Castform,Water,,420,70,70,70,70,70,70
351,Castform (Snowy Form),Castform,Ice,,420,70,70,70,70,70,70
352,Kecleon,Kecleon,Normal,,440,60,90,70,60,120,40
353,Shuppet,Shuppet,Ghost,,295,44,75,35,63,33,45
354,Banette,Banette,Ghost,,455,64,115,65,83,63,65
354,Mega Banette,Banette,Ghost,,555,64,165,75,93,83,75
355,Duskull,Duskull,Ghost,,295,20,40,90,30,90,25
356,Dusclops,Dusclops,Ghost,,455,40,70,130,60,130,25
357,Tropius,Tropius,Grass,Flying,460,99,68,83,72,87,51
358,Chimecho,Chimecho,Psychic,,455,75,50,80,95,90,65
359,Absol,Absol,Dark,,465,65,130,60,75,60,75
359,Mega Absol,Absol,Dark,,565,65,150,60,115,60,115
360,Wynaut,Wynaut,Psychic,,260,95,23,48,23,48,23
361,Snorunt,Snorunt,Ice,,300,50,50,50,50,50,50
362,Glalie,Glalie,Ice,,480,80,80,80,80,80,80
362,Mega Glalie,Glalie,Ice,,580,80,120,80,120,80,100
363,Spheal,Spheal,Ice,Water,290,70,40,50,55,50,25
364,Sealeo,Sealeo,Ice,Water,410,90,60,70,75,70,45
365,Walrein,Walrein,Ice,Water,530,110,80,90,95,90,65
366,Clamperl,Clamperl,Water,,345,35,64,85,74,55,32
367,Huntail,Huntail,Water,,485,55,104,105,94,75,52
368,Gorebyss,Gorebyss,Water,,485,55,84,105,114,75,52
369,Relicanth,Relicanth,Water,Rock,485,100,90,130,45,65,55
370,Luvdisc,Luvdisc,Water,,330,43,30,55,40,65,97
371,Bagon,Bagon,Dragon,,300,45,75,60,40,30,50
372,Shelgon,Shelgon,Dragon,,420,65,95,100,60,50,50
373,Salamence,Salamence,Dragon,Flying,600,95,135,80,110,80,100
373,Mega Salamence,Salamence,Dragon,Flying,700,95,145,130,120,90,120
374,Beldum,Beldum,Steel,Psychic,300,40,55,80,35,60,30
375,Metang,Metang,Steel,Psychic,420,60,75,100,55,80,50
376,Metagross,Metagross,Steel,Psychic,600,80,135,130,95,90,70
376,Mega Metagross,Metagross,Steel,Psychic,700,80,145,150,105,110,110
377,Regirock,Regirock,Rock,,580,80,100,200,50,100,50
378,Regice,Regice,Ice,,580,80,50,100,100,200,50
379,Registeel,Registeel,Steel,,580,80,75,150,75,150,50
380,Latias,Latias,Dragon,Psychic,600,80,80,90,110,130,110
380,Mega Latias,Latias,Dragon,Psychic,700,80,100,120,140,150,110
381,Latios,Latios,Dragon,Psychic,600,80,90,80,130,110,110
381,Mega Latios,Latios,Dragon,Psychic,700,80,130,100,160,120,110
382,Kyogre,Kyogre,Water,,670,100,100,90,150,140,90
382,Primal Kyogre,Kyogre,Water,,770,100,150,90,180,160,90
383,Groudon,Groudon,Ground,,670,100,150,140,100,90,90
383,Primal Groudon,Groudon,Ground,Fire,770,100,180,160,150,90,90
384,Rayquaza,Rayquaza,Dragon,Flying,680,105,150,90,150,90,95
384,Mega Rayquaza,Rayquaza,Dragon,Flying,780,105,180,100,180,100,115
385,Jirachi,Jirachi,Steel,Psychic,600,100,100,100,100,100,100
386,Deoxys (Normal Forme),Deoxys,Psychic,,600,50,150,50,150,50,150
386,Deoxys (Attack Forme),Deoxys,Psychic,,600,50,180,20,180,20,150
386,Deoxys (Defense Forme),Deoxys,Psychic,,600,50,70,160,70,160,90
386,Deoxys (Speed Forme),Deoxys,Psychic,,600,50,95,90,95,90,180
387,Turtwig,Turtwig,Grass,,318,55,68,64,45,55,31
388,Grotle,Grotle,Grass,,405,75,89,85,55,65,36
389,Torterra,Torterra,Grass,Ground,525,95,109,105,75,85,56
390,Chimchar,Chimchar,Fire,,309,44,58,44,58,44,61
391,Monferno,Monferno,Fire,Fighting,405,64,78,52,78,52,81
392,Infernape,Infernape,Fire,Fighting,534,76,104,71,104,71,108
393,Piplup,Piplup,Water,,314,53,51,53,61,56,40
394,Prinplup,Prinplup,Water,,405,64,66,68,81,76,50
395,Empoleon,Empoleon,Water,Steel,530,84,86,88,111,101,60
396,Starly,Starly,Normal,Flying,245,40,55,30,30,30,60
397,Staravia,Staravia,Normal,Flying,340,55,75,50,40,40,80
398,Staraptor,Staraptor,Normal,Flying,485,85,120,70,50,60,100
399,Bidoof,Bidoof,Normal,,250,59,45,40,35,40,31
400,Bibarel,Bibarel,Normal,Water,410,79,85,60,55,60,71
401,Kricketot,Kricketot,Bug,,194,37,25,41,25,41,25
402,Kricketune,Kricketune,Bug,,384,77,85,51,55,51,65
403,Shinx,Shinx,Electric,,263,45,65,34,40,34,45
404,Luxio,Luxio,Electric,,363,60,85,49,60,49,60
405,Luxray,Luxray,Electric,,523,80,120,79,95,79,70
406,Budew,Budew,Grass,Poison,280,40,30,35,50,70,55
407,Roserade,Roserade,Grass,Poison,515,60,70,65,125,105,90
408,Cranidos,Cranidos,Rock,,350,67,125,40,30,30,58
409,Rampardos,Rampardos,Rock,,495,97,165,60,65,50,58
410,Shieldon,Shieldon,Rock,Steel,350,30,42,118,42,88,30
411,Bastiodon,Bastiodon,Rock,Steel,495,60,52,168,47,138,30
412,Burmy (Plant Cloak),Burmy,Bug,,224,40,29,45,29,45,36
412,Burmy (Sandy Cloak),Burmy,Bug,,224,40,29,45,29,45,36
412,Burmy (Trash Cloak),Burmy,Bug,,224,40,29,45,29,45,36
413,Wormadam (Plant Cloak),Wormadam,Bug,Grass,424,60,59,85,79,105,36
413,Wormadam (Sandy Cloak),Wormadam,Bug,Ground,424,60,79,105,59,85,36
413,Wormadam (Trash Cloak),Wormadam,Bug,Steel,424,60,69,95,69,95,36
414,Mothim,Mothim,Bug,Flying,424,70,94,50,94,50,66
415,Combee,Combee,Bug,Flying,244,30,30,42,30,42,70
416,Vespiquen,Vespiquen,Bug,Flying,474,70,80,102,80,102,40
417,Pachirisu,Pachirisu,Electric,,405,60,45,70,45,90,95
418,Buizel,Buizel,Water,,330,55,65,35,60,30,85
419,Floatzel,Floatzel,Water,,495,85,105,55,85,50,115
420,Cherubi,Cherubi,Grass,,275,45,35,45,62,53,35
421,Cherrim,Cherrim,Grass,,450,70,60,70,87,78,85
422,Shellos,Shellos,Water,,325,76,48,48,57,62,34
423,Gastrodon,Gastrodon,Water,Ground,475,111,83,68,92,82,39
424,Ambipom,Ambipom,Normal,,482,75,100,66,60,66,115
425,Drifloon,Drifloon,Ghost,Flying,348,90,50,34,60,44,70
426,Drifblim,Drifblim,Ghost,Flying,498,150,80,44,90,54,80
427,Buneary,Buneary,Normal,,350,55,66,44,44,56,85
428,Lopunny,Lopunny,Normal,,480,65,76,84,54,96,105
428,Mega Lopunny,Lopunny,Normal,Fighting,580,65,136,94,54,96,135
429,Mismagius,Mismagius,Ghost,,495,60,60,60,105,105,105
430,Honchkrow,Honchkrow,Dark,Flying,505,100,125,52,105,52,71
431,Glameow,Glameow,Normal,,310,49,55,42,42,37,85
432,Purugly,Purugly,Normal,,452,71,82,64,64,59,112
433,Chingling,Chingling,Psychic,,285,45,30,50,65,50,45
434,Stunky,Stunky,Poison,Dark,329,63,63,47,41,41,74
435,Skuntank,Skuntank,Poison,Dark,479,103,93,67,71,61,84
436,Bronzor,Bronzor,Steel,Psychic,300,57,24,86,24,86,23
437,Bronzong,Bronzong,Steel,Psychic,500,67,89,116,79,116,33
438,Bonsly,Bonsly,Rock,,290,50,80,95,10,45,10
439,Mime Jr.,Mime Jr.,Psychic,Fairy,310,20,25,45,70,90,60
440,Happiny,Happiny,Normal,,220,100,5,5,15,65,30
441,Chatot,Chatot,Normal,Flying,411,76,65,45,92,42,91
442,Spiritomb,Spiritomb,Ghost,Dark,485,50,92,108,92,108,35
443,Gible,Gible,Dragon,Ground,300,58,70,45,40,45,42
444,Gabite,Gabite,Dragon,Ground,410,68,90,65,50,55,82
445,Garchomp,Garchomp,Dragon,Ground,600,108,130,95,80,85,102
445,Mega Garchomp,Garchomp,Dragon,Ground,700,108,170,115,120,95,92
446,Munchlax,Munchlax,Normal,,390,135,85,40,40,85,5
447,Riolu,Riolu,Fighting,,285,40,70,40,35,40,60
448,Lucario,Lucario,Fighting,Steel,525,70,110,70,115,70,90
448,Mega Lucario,Lucario,Fighting,Steel,625,70,145,88,140,70,112
449,Hippopotas,Hippopotas,Ground,,330,68,72,78,38,42,32
450,Hippowdon,Hippowdon,Ground,,525,108,112,118,68,72,47
451,Skorupi,Skorupi,Poison,Bug,330,40,50,90,30,55,65
452,Drapion,Drapion,Poison,Dark,500,70,90,110,60,75,95
453,Croagunk,Croagunk,Poison,Fighting,300,48,61,40,61,40,50
454,Toxicroak,Toxicroak,Poison,Fighting,490,83,106,65,86,65,85
455,Carnivine,Carnivine,Grass,,454,74,100,72,90,72,46
456,Finneon,Finneon,Water,,330,49,49,56,49,61,66
457,Lumineon,Lumineon,Water,,460,69,69,76,69,86,91
458,Mantyke,Mantyke,Water,Flying,345,45,20,50,60,120,50
459,Snover,Snover,Grass,Ice,334,60,62,50,62,60,40
460,Abomasnow,Abomasnow,Grass,Ice,494,90,92,75,92,85,60
460,Mega Abomasnow,Abomasnow,Grass,Ice,594,90,132,105,132,105,30
461,Weavile,Weavile,Dark,Ice,510,70,120,65,45,85,125
462,Magnezone,Magnezone,Electric,Steel,535,70,70,115,130,90,60
463,Lickilicky,Lickilicky,Normal,,515,110,85,95,80,95,50
464,Rhyperior,Rhyperior,Ground,Rock,535,115,140,130,55,55,40
465,Tangrowth,Tangrowth,Grass,,535,100,100,125,110,50,50
466,Electivire,Electivire,Electric,,540,75,123,67,95,85,95
467,Magmortar,Magmortar,Fire,,540,75,95,67,125,95,83
468,Togekiss,Togekiss,Fairy,Flying,545,85,50,95,120,115,80
469,Yanmega,Yanmega,Bug,Flying,515,86,76,86,116,56,95
470,Leafeon,Leafeon,Grass,,525,65,110,130,60,65,95
471,Glaceon,Glaceon,Ice,,525,65,60,110,130,95,65
472,Gliscor,Gliscor,Ground,Flying,510,75,95,125,45,75,95
473,Mamoswine,Mamoswine,Ice,Ground,530,110,130,80,70,60,80
474,Porygon-Z,Porygon-Z,Normal,,535,85,80,70,135,75,90
475,Gallade,Gallade,Psychic,Fighting,518,68,125,65,65,115,80
475,Mega Gallade,Gallade,Psychic,Fighting,618,68,165,95,65,115,110
476,Probopass,Probopass,Rock,Steel,525,60,55,145,75,150,40
477,Dusknoir,Dusknoir,Ghost,,525,45,100,135,65,135,45
478,Froslass,Froslass,Ice,Ghost,480,70,80,70,80,70,110
479,Rotom,Rotom,Electric,Ghost,440,50,50,77,95,77,91
479,Rotom (Heat Rotom),Rotom,Electric,Fire,520,50,65,107,105,107,86
479,Rotom (Wash Rotom),Rotom,Electric,Water,520,50,65,107,105,107,86
479,Rotom (Frost Rotom),Rotom,Electric,Ice,520,50,65,107,105,107,86
479,Rotom (Fan Rotom),Rotom,Electric,Flying,520,50,65,107,105,107,86
479,Rotom (Mow Rotom),Rotom,Electric,Grass,520,50,65,107,105,107,86
480,Uxie,Uxie,Psychic,,580,75,75,130,75,130,95
481,Mesprit,Mesprit,Psychic,,580,80,105,105,105,105,80
482,Azelf,Azelf,Psychic,,580,75,125,70,125,70,115
483,Dialga,Dialga,Steel,Dragon,680,100,120,120,150,100,90
483,Dialga (Origin Forme),Dialga,Steel,Dragon,680,100,100,120,150,120,90
484,Palkia,Palkia,Water,Dragon,680,90,120,100,150,120,100
484,Palkia (Origin Forme),Palkia,Water,Dragon,680,90,100,100,150,120,120
485,Heatran,Heatran,Fire,Steel,600,91,90,106,130,106,77
486,Regigigas,Regigigas,Normal,,670,110,160,110,80,110,100
487,Giratina (Altered Forme),Giratina,Ghost,Dragon,680,150,100,120,100,120,90
487,Giratina (Origin Forme),Giratina,Ghost,Dragon,680,150,120,100,120,100,90
488,Cresselia,Cresselia,Psychic,,580,120,70,110,75,120,85
489,Phione,Phione,Water,,480,80,80,80,80,80,80
490,Manaphy,Manaphy,Water,,600,100,100,100,100,100,100
491,Darkrai,Darkrai,Dark,,600,70,90,90,135,90,125
492,Shaymin (Land Forme),Shaymin,Grass,,600,100,100,100,100,100,100
492,Shaymin (Sky Forme),Shaymin,Grass,Flying,600,100,103,75,120,75,127
493,Arceus,Arceus,Normal,,720,120,120,120,120,120,120
494,Victini,Victini,Psychic,Fire,600,100,100,100,100,100,100
495,Snivy,Snivy,Grass,,308,45,45,55,45,55,63
496,Servine,Servine,Grass,,413,60,60,75,60,75,83
497,Serperior,Serperior,Grass,,528,75,75,95,75,95,113
498,Tepig,Tepig,Fire,,308,65,63,45,45,45,45
499,Pignite,Pignite,Fire,Fighting,418,90,93,55,70,55,55
500,Emboar,Emboar,Fire,Fighting,528,110,123,65,100,65,65
501,Oshawott,Oshawott,Water,,308,55,55,45,63,45,45
502,Dewott,Dewott,Water,,413,75,75,60,83,60,60
503,Samurott,Samurott,Water,,528,95,100,85,108,70,70
503,Hisuian Samurott,Samurott,Water,Dark,528,90,108,80,100,65,85
504,Patrat,Patrat,Normal,,255,45,55,39,35,39,42
505,Watchog,Watchog,Normal,,420,60,85,69,60,69,77
506,Lillipup,Lillipup,Normal,,275,45,60,45,25,45,55
507,Herdier,Herdier,Normal,,370,65,80,65,35,65,60
508,Stoutland,Stoutland,Normal,,500,85,110,90,45,90,80
509,Purrloin,Purrloin,Dark,,281,41,50,37,50,37,66
510,Liepard,Liepard,Dark,,446,64,88,50,88,50,106
511,Pansage,Pansage,Grass,,316,50,53,48,53,48,64
512,Simisage,Simisage,Grass,,498,75,98,63,98,63,101
513,Pansear,Pansear,Fire,,316,50,53,48,53,48,64
514,Simisear,Simisear,Fire,,498,75,98,63,98,63,101
515,Panpour,Panpour,Water,,316,50,53,48,53,48,64
516,Simipour,Simipour,Water,,498,75,98,63,98,63,101
517,Munna,Munna,Psychic,,292,76,25,45,67,55,24
518,Musharna,Musharna,Psychic,,487,116,55,85,107,95,29
519,Pidove,Pidove,Normal,Flying,264,50,55,50,36,30,43
520,Tranquill,Tranquill,Normal,Flying,358,62,77,62,50,42,65
521,Unfezant,Unfezant,Normal,Flying,488,80,115,80,65,55,93
522,Blitzle,Blitzle,Electric,,295,45,60,32,50,32,76
523,Zebstrika,Zebstrika,Electric,,497,75,100,63,80,63,116
524,Roggenrola,Roggenrola,Rock,,280,55,75,85,25,25,15
525,Boldore,Boldore,Rock,,390,70,105,105,50,40,20
526,Gigalith,Gigalith,Rock,,515,85,135,130,60,80,25
527,Woobat,Woobat,Psychic,Flying,323,65,45,43,55,43,72
528,Swoobat,Swoobat,Psychic,Flying,425,67,57,55,77,55,114
529,Drilbur,Drilbur,Ground,,328,60,85,40,30,45,68
530,Excadrill,Excadrill,Ground,Steel,508,110,135,60,50,65,88
531,Audino,Audino,Normal,,445,103,60,86,60,86,50
531,Mega Audino,Audino,Normal,Fairy,545,103,60,126,80,126,50
532,Timburr,Timburr,Fighting,,305,75,80,55,25,35,35
533,Gurdurr,Gurdurr,Fighting,,405,85,105,85,40,50,40
534,Conkeldurr,Conkeldurr,Fighting,,505,105,140,95,55,65,45
535,Tympole,Tympole,Water,,294,50,50,40,50,40,64
536,Palpitoad,Palpitoad,Water,Ground,384,75,65,55,65,55,69
537,Seismitoad,Seismitoad,Water,Ground,509,105,95,75,85,75,74
538,Throh,Throh,Fighting,,465,120,100,85,30,85,45
539,Sawk,Sawk,Fighting,,465,75,125,75,30,75,85
540,Sewaddle,Sewaddle,Bug,Grass,310,45,53,70,40,60,42
541,Swadloon,Swadloon,Bug,Grass,380,55,63,90,50,80,42
542,Leavanny,Leavanny,Bug,Grass,500,75,103,80,70,80,92
543,Venipede,Venipede,Bug,Poison,260,30,45,59,30,39,57
544,Whirlipede,Whirlipede,Bug,Poison,360,40,55,99,40,79,47
545,Scolipede,Scolipede,Bug,Poison,485,60,100,89,55,69,112
546,Cottonee,Cottonee,Grass,Fairy,280,40,27,60,37,50,66
547,Whimsicott,Whimsicott,Grass,Fairy,480,60,67,85,77,75,116
548,Petilil,Petilil,Grass,,280,45,35,50,70,50,30
549,Lilligant,Lilligant,Grass,,480,70,60,75,110,75,90
549,Hisuian Lilligant,Lilligant,Grass,Fighting,480,70,105,75,50,75,105
550,Basculin (Red-Striped Form),Basculin,Water,,460,70,92,65,80,55,98
550,Basculin (Blue-Striped Form),Basculin,Water,,460,70,92,65,80,55,98
550,Basculin (White-Striped Form),Basculin,Water,,460,70,92,65,80,55,98
551,Sandile,Sandile,Ground,Dark,292,50,72,35,35,35,65
552,Krokorok,Krokorok,Ground,Dark,351,60,82,45,45,45,74
553,Krookodile,Krookodile,Ground,Dark,519,95,117,80,65,70,92
554,Darumaka,Darumaka,Fire,,315,70,90,45,15,45,50
554,Galarian Darumaka,Darumaka,Ice,,315,70,90,45,15,45,50
555,Darmanitan (Standard Mode),Darmanitan,Fire,,480,105,140,55,30,55,95
555,Darmanitan (Zen Mode),Darmanitan,Fire,Psychic,540,105,30,105,140,105,55
555,Darmanitan (Galarian Standard Mode),Darmanitan,Ice,,480,105,140,55,30,55,95
555,Darmanitan (Galarian Zen Mode),Darmanitan,Ice,Fire,540,105,160,55,30,55,135
556,Maractus,Maractus,Grass,,461,75,86,67,106,67,60
557,Dwebble,Dwebble,Bug,Rock,325,50,65,85,35,35,55
558,Crustle,Crustle,Bug,Rock,485,70,105,125,65,75,45
559,Scraggy,Scraggy,Dark,Fighting,348,50,75,70,35,70,48
560,Scrafty,Scrafty,Dark,Fighting,488,65,90,115,45,115,58
561,Sigilyph,Sigilyph,Psychic,Flying,490,72,58,80,103,80,97
562,Yamask,Yamask,Ghost,,303,38,30,85,55,65,30
562,Galarian Yamask,Yamask,Ground,Ghost,303,38,55,85,30,65,30
563,Cofagrigus,Cofagrigus,Ghost,,483,58,50,145,95,105,30
564,Tirtouga,Tirtouga,Water,Rock,355,54,78,103,53,45,22
565,Carracosta,Carracosta,Water,Rock,495,74,108,133,83,65,32
566,Archen,Archen,Rock,Flying,401,55,112,45,74,45,70
567,Archeops,Archeops,Rock,Flying,567,75,140,65,112,65,110
568,Trubbish,Trubbish,Poison,,329,50,50,62,40,62,65
569,Garbodor,Garbodor,Poison,,474,80,95,82,60,82,75
570,Zorua,Zorua,Dark,,330,40,65,40,80,40,65
570,Hisuian Zorua,Zorua,Normal,Ghost,330,35,60,40,85,40,70
571,Zoroark,Zoroark,Dark,,510,60,105,60,120,60,105
571,Hisuian Zoroark,Zoroark,Normal,Ghost,510,55,100,60,125,60,110
572,Minccino,Minccino,Normal,,300,55,50,40,40,40,75
573,Cinccino,Cinccino,Normal,,470,75,95,60,65,60,115
574,Gothita,Gothita,Psychic,,290,45,30,50,55,65,45
575,Gothorita,Gothorita,Psychic,,390,60,45,70,75,85,55
576,Gothitelle,Gothitelle,Psychic,,490,70,55,95,95,110,65
577,Solosis,Solosis,Psychic,,290,45,30,40,105,50,20
578,Duosion,Duosion,Psychic,,370,65,40,50,125,60,30
579,Reuniclus,Reuniclus,Psychic,,490,110,65,75,125,85,30
580,Ducklett,Ducklett,Water,Flying,305,62,44,50,44,50,55
581,Swanna,Swanna,Water,Flying,473,75,87,63,87,63,98
582,Vanillite,Vanillite,Ice,,305,36,50,50,65,60,44
583,Vanillish,Vanillish,Ice,,395,51,65,65,80,75,59
584,Vanilluxe,Vanilluxe,Ice,,535,71,95,85,110,95,79
585,Deerling,Deerling,Normal,Grass,335,60,60,50,40,50,75
586,Sawsbuck,Sawsbuck,Normal,Grass,475,80,100,70,60,70,95
587,Emolga,Emolga,Electric,Flying,428,55,75,60,75,60,103
588,Karrablast,Karrablast,Bug,,315,50,75,45,40,45,60
589,Escavalier,Escavalier,Bug,Steel,495,70,135,105,60,105,20
590,Foongus,Foongus,Grass,Poison,294,69,55,45,55,55,15
591,Amoonguss,Amoonguss,Grass,Poison,464,114,85,70,85,80,30
592,Frillish,Frillish,Water,Ghost,335,55,40,50,65,85,40
593,Jellicent,Jellicent,Water,Ghost,480,100,60,70,85,105,60
594,Alomomola,Alomomola,Water,,470,165,75,80,40,45,65
595,Joltik,Joltik,Bug,Electric,319,50,47,50,57,50,65
596,Galvantula,Galvantula,Bug,Electric,472,70,77,60,97,60,108
597,Ferroseed,Ferroseed,Grass,Steel,305,44,50,91,24,86,10
598,Ferrothorn,Ferrothorn,Grass,Steel,489,74,94,131,54,116,20
599,Klink,Klink,Steel,,300,40,55,70,45,60,30
600,Klang,Klang,Steel,,440,60,80,95,70,85,50
601,Klinklang,Klinklang,Steel,,520,60,100,115,70,85,90
602,Tynamo,Tynamo,Electric,,275,35,55,40,45,40,60
603,Eelektrik,Eelektrik,Electric,,405,65,85,70,75,70,40
604,Eelektross,Eelektross,Electric,,515,85,115,80,105,80,50
605,Elgyem,Elgyem,Psychic,,335,55,55,55,85,55,30
606,Beheeyem,Beheeyem,Psychic,,485,75,75,75,125,95,40
607,Litwick,Litwick,Ghost,Fire,275,50,30,55,65,55,20
608,Lampent,Lampent,Ghost,Fire,370,60,40,60,95,60,55
609,Chandelure,Chandelure,Ghost,Fire,520,60,55,90,145,90,80
610,Axew,Axew,Dragon,,320,46,87,60,30,40,57
611,Fraxure,Fraxure,Dragon,,410,66,117,70,40,50,67
612,Haxorus,Haxorus,Dragon,,540,76,147,90,60,70,97
613,Cubchoo,Cubchoo,Ice,,305,55,70,40,60,40,40
614,Beartic,Beartic,Ice,,505,95,130,80,70,80,50
615,Cryogonal,Cryogonal,Ice,,515,80,50,50,95,135,105
616,Shelmet,Shelmet,Bug,,305,50,40,85,40,65,25
617,Accelgor,Accelgor,Bug,,495,80,70,40,100,60,145
618,Stunfisk,Stunfisk,Ground,Electric,471,109,66,84,81,99,32
618,Galarian Stunfisk,Stunfisk,Ground,Steel,471,109,81,99,66,84,32
619,Mienfoo,Mienfoo,Fighting,,350,45,85,50,55,50,65
620,Mienshao,Mienshao,Fighting,,510,65,125,60,95,60,105
621,Druddigon,Druddigon,Dragon,,485,77,120,90,60,90,48
622,Golett,Golett,Ground,Ghost,303,59,74,50,35,50,35
623,Golurk,Golurk,Ground,Ghost,483,89,124,80,55,80,55
624,Pawniard,Pawniard,Dark,Steel,340,45,85,70,40,40,60
625,Bisharp,Bisharp,Dark,Steel,490,65,125,100,60,70,70
626,Bouffalant,Bouffalant,Normal,,490,95,110,95,40,95,55
627,Rufflet,Rufflet,Normal,Flying,350,70,83,50,37,50,60
628,Braviary,Braviary,Normal,Flying,510,100,123,75,57,75,80
628,Hisuian Braviary,Braviary,Psychic,Flying,510,110,83,70,112,70,65
629,Vullaby,Vullaby,Dark,Flying,370,70,55,75,45,65,60
630,Mandibuzz,Mandibuzz,Dark,Flying,510,110,65,105,55,95,80
631,Heatmor,Heatmor,Fire,,484,85,97,66,105,66,65
632,Durant,Durant,Bug,Steel,484,58,109,112,48,48,109
633,Deino,Deino,Dark,Dragon,300,52,65,50,45,50,38
634,Zweilous,Zweilous,Dark,Dragon,420,72,85,70,65,70,58
635,Hydreigon,Hydreigon,Dark,Dragon,600,92,105,90,125,90,98
636,Larvesta,Larvesta,Bug,Fire,360,55,85,55,50,55,60
637,Volcarona,Volcarona,Bug,Fire,550,85,60,65,135,105,100
638,Cobalion,Cobalion,Steel,Fighting,580,91,90,129,90,72,108
639,Terrakion,Terrakion,Rock,Fighting,580,91,129,90,72,90,108
640,Virizion,Virizion,Grass,Fighting,580,91,90,72,90,129,108
641,Tornadus (Incarnate Forme),Tornadus,Flying,,580,79,115,70,125,80,111
641,Tornadus (Therian Forme),Tornadus,Flying,,580,79,100,80,110,90,121
642,Thundurus (Incarnate Forme),Thundurus,Electric,Flying,580,79,115,70,125,80,111
642,Thundurus (Therian Forme),Thundurus,Electric,Flying,580,79,105,70,145,80,101
643,Reshiram,Reshiram,Dragon,Fire,680,100,120,100,150,120,90
644,Zekrom,Zekrom,Dragon,Electric,680,100,150,120,120,100,90
645,Landorus (Incarnate Forme),Landorus,Ground,Flying,600,89,125,90,115,80,101
645,Landorus (Therian Forme),Landorus,Ground,Flying,600,89,145,90,105,80,91
646,Kyurem,Kyurem,Dragon,Ice,660,125,130,90,130,90,95
646,Kyurem (White Kyurem),Kyurem,Dragon,Ice,700,125,120,90,170,100,95
646,Kyurem (Black Kyurem),Kyurem,Dragon,Ice,700,125,170,100,120,90,95
647,Keldeo (Ordinary Form),Keldeo,Water,Fighting,580,91,72,90,129,90,108
647,Keldeo (Resolute Form),Keldeo,Water,Fighting,580,91,72,90,129,90,108
648,Meloetta (Aria Forme),Meloetta,Normal,Psychic,600,100,77,77,128,128,90
648,Meloetta (Pirouette Forme),Meloetta,Normal,Fighting,600,100,128,90,77,77,128
649,Genesect,Genesect,Bug,Steel,600,71,120,95,120,95,99
650,Chespin,Chespin,Grass,,313,56,61,65,48,45,38
651,Quilladin,Quilladin,Grass,,405,61,78,95,56,58,57
652,Chesnaught,Chesnaught,Grass,Fighting,530,88,107,122,74,75,64
653,Fennekin,Fennekin,Fire,,307,40,45,40,62,60,60
654,Braixen,Braixen,Fire,,409,59,59,58,90,70,73
655,Delphox,Delphox,Fire,Psychic,534,75,69,72,114,100,104
656,Froakie,Froakie,Water,,314,41,56,40,62,44,71
657,Frogadier,Frogadier,Water,,405,54,63,52,83,56,97
658,Greninja,Greninja,Water,Dark,530,72,95,67,103,71,122
658,Greninja (Ash-Greninja),Greninja,Water,Dark,640,72,145,67,153,71,132
659,Bunnelby,Bunnelby,Normal,,237,38,36,38,32,36,57
660,Diggersby,Diggersby,Normal,Ground,423,85,56,77,50,77,78
661,Fletchling,Fletchling,Normal,Flying,278,45,50,43,40,38,62
662,Fletchinder,Fletchinder,Fire,Flying,382,62,73,55,56,52,84
663,Talonflame,Talonflame,Fire,Flying,499,78,81,71,74,69,126
664,Scatterbug,Scatterbug,Bug,,200,38,35,40,27,25,35
665,Spewpa,Spewpa,Bug,,213,45,22,60,27,30,29
666,Vivillon,Vivillon,Bug,Flying,411,80,52,50,90,50,89
667,Litleo,Litleo,Fire,Normal,369,62,50,58,73,54,72
668,Pyroar,Pyroar,Fire,Normal,507,86,68,72,109,66,106
669,Flabébé,Flabébé,Fairy,,303,44,38,39,61,79,42
670,Floette,Floette,Fairy,,371,54,45,47,75,98,52
671,Florges,Florges,Fairy,,552,78,65,68,112,154,75
672,Skiddo,Skiddo,Grass,,350,66,65,48,62,57,52
673,Gogoat,Gogoat,Grass,,531,123,100,62,97,81,68
674,Pancham,Pancham,Fighting,,348,67,82,62,46,48,43
675,Pangoro,Pangoro,Fighting,Dark,495,95,124,78,69,71,58
676,Furfrou,Furfrou,Normal,,472,75,80,60,65,90,102
677,Espurr,Espurr,Psychic,,355,62,48,54,63,60,68
678,Meowstic (Male),Meowstic,Psychic,,466,74,48,76,83,81,104
678,Meowstic (Female),Meowstic,Psychic,,466,74,48,76,83,81,104
679,Honedge,Honedge,Steel,Ghost,325,45,80,100,35,37,28
680,Doublade,Doublade,Steel,Ghost,448,59,110,150,45,49,35
681,Aegislash (Shield Forme),Aegislash,Steel,Ghost,500,60,50,140,50,140,60
681,Aegislash (Blade Forme),Aegislash,Steel,Ghost,500,60,140,50,140,50,60
682,Spritzee,Spritzee,Fairy,,341,78,52,60,63,65,23
683,Aromatisse,Aromatisse,Fairy,,462,101,72,72,99,89,29
684,Swirlix,Swirlix,Fairy,,341,62,48,66,59,57,49
685,Slurpuff,Slurpuff,Fairy,,480,82,80,86,85,75,72
686,Inkay,Inkay,Dark,Psychic,288,53,54,53,37,46,45
687,Malamar,Malamar,Dark,Psychic,482,86,92,88,68,75,73
687,Malamar,Malamar,Dark,Psychic,582,86,102,88,98,120,88
688,Binacle,Binacle,Rock,Water,306,42,52,67,39,56,50
689,Barbaracle,Barbaracle,Rock,Water,500,72,105,115,54,86,68
690,Skrelp,Skrelp,Poison,Water,320,50,60,60,60,60,30
691,Dragalge,Dragalge,Poison,Dragon,494,65,75,90,97,123,44
692,Clauncher,Clauncher,Water,,330,50,53,62,58,63,44
693,Clawitzer,Clawitzer,Water,,500,71,73,88,120,89,59
694,Helioptile,Helioptile,Electric,Normal,289,44,38,33,61,43,70
695,Heliolisk,Heliolisk,Electric,Normal,481,62,55,52,109,94,109
696,Tyrunt,Tyrunt,Rock,Dragon,362,58,89,77,45,45,48
697,Tyrantrum,Tyrantrum,Rock,Dragon,521,82,121,119,69,59,71
698,Amaura,Amaura,Rock,Ice,362,77,59,50,67,63,46
699,Aurorus,Aurorus,Rock,Ice,521,123,77,72,99,92,58
700,Sylveon,Sylveon,Fairy,,525,95,65,65,110,130,60
701,Hawlucha,Hawlucha,Fighting,Flying,500,78,92,75,74,63,118
701,Hawlucha,Hawlucha,Fighting,Flying,600,78,137,100,74,93,118
702,Dedenne,Dedenne,Electric,Fairy,431,67,58,57,81,67,101
703,Carbink,Carbink,Rock,Fairy,500,50,50,150,50,150,50
704,Goomy,Goomy,Dragon,,300,45,50,35,55,75,40
705,Sliggoo,Sliggoo,Dragon,,452,68,75,53,83,113,60
705,Hisuian Sliggoo,Sliggoo,Steel,Dragon,452,58,75,83,83,113,40
706,Goodra,Goodra,Dragon,,600,90,100,70,110,150,80
706,Hisuian Goodra,Goodra,Steel,Dragon,600,80,100,100,110,150,60
707,Klefki,Klefki,Steel,Fairy,470,57,80,91,80,87,75
708,Phantump,Phantump,Ghost,Grass,309,43,70,48,50,60,38
709,Trevenant,Trevenant,Ghost,Grass,474,85,110,76,65,82,56
710,Pumpkaboo (Average Size),Pumpkaboo,Ghost,Grass,335,49,66,70,44,55,51
710,Pumpkaboo (Small Size),Pumpkaboo,Ghost,Grass,335,44,66,70,44,55,56
710,Pumpkaboo (Large Size),Pumpkaboo,Ghost,Grass,335,54,66,70,44,55,46
710,Pumpkaboo (Super Size),Pumpkaboo,Ghost,Grass,335,59,66,70,44,55,41
711,Gourgeist (Average Size),Gourgeist,Ghost,Grass,494,65,90,122,58,75,84
711,Gourgeist (Small Size),Gourgeist,Ghost,Grass,494,55,85,122,58,75,99
711,Gourgeist (Large Size),Gourgeist,Ghost,Grass,494,75,95,122,58,75,69
711,Gourgeist (Super Size),Gourgeist,Ghost,Grass,494,85,100,122,58,75,54
712,Bergmite,Bergmite,Ice,,304,55,69,85,32,35,28
713,Avalugg,Avalugg,Ice,,514,95,117,184,44,46,28
713,Hisuian Avalugg,Avalugg,Ice,Rock,514,95,127,184,34,36,38
714,Noibat,Noibat,Flying,Dragon,245,40,30,35,45,40,55
715,Noivern,Noivern,Flying,Dragon,535,85,70,80,97,80,123
716,Xerneas,Xerneas,Fairy,,680,126,131,95,131,98,99
717,Yveltal,Yveltal,Dark,Flying,680,126,131,95,131,98,99
718,Zygarde (50% Forme),Zygarde,Dragon,Ground,600,108,100,121,81,95,95
718,Zygarde (10% Forme),Zygarde,Dragon,Ground,486,54,100,71,61,85,115
718,Zygarde (Complete Forme),Zygarde,Dragon,Ground,708,216,100,121,91,95,85
719,Diancie,Diancie,Rock,Fairy,600,50,100,150,100,150,50
719,Mega Diancie,Diancie,Rock,Fairy,700,50,160,110,160,110,110
720,Hoopa (Hoopa Confined),Hoopa,Psychic,Ghost,600,80,110,60,150,130,70
720,Hoopa (Hoopa Unbound),Hoopa,Psychic,Dark,680,80,160,60,170,130,80
721,Volcanion,Volcanion,Fire,Water,600,80,110,120,130,90,70
722,Rowlet,Rowlet,Grass,Flying,320,68,55,55,50,50,42
723,Dartrix,Dartrix,Grass,Flying,420,78,75,75,70,70,52
724,Decidueye,Decidueye,Grass,Ghost,530,78,107,75,100,100,70
724,Hisuian Decidueye,Decidueye,Grass,Fighting,530,88,112,80,95,95,60
725,Litten,Litten,Fire,,320,45,65,40,60,40,70
726,Torracat,Torracat,Fire,,420,65,85,50,80,50,90
727,Incineroar,Incineroar,Fire,Dark,530,95,115,90,80,90,60
728,Popplio,Popplio,Water,,320,50,54,54,66,56,40
729,Brionne,Brionne,Water,,420,60,69,69,91,81,50
730,Primarina,Primarina,Water,Fairy,530,80,74,74,126,116,60
731,Pikipek,Pikipek,Normal,Flying,265,35,75,30,30,30,65
732,Trumbeak,Trumbeak,Normal,Flying,355,55,85,50,40,50,75
733,Toucannon,Toucannon,Normal,Flying,485,80,120,75,75,75,60
734,Yungoos,Yungoos,Normal,,253,48,70,30,30,30,45
735,Gumshoos,Gumshoos,Normal,,418,88,110,60,55,60,45
736,Grubbin,Grubbin,Bug,,300,47,62,45,55,45,46
737,Charjabug,Charjabug,Bug,Electric,400,57,82,95,55,75,36
738,Vikavolt,Vikavolt,Bug,Electric,500,77,70,90,145,75,43
739,Crabrawler,Crabrawler,Fighting,,338,47,82,57,42,47,63
740,Crabominable,Crabominable,Fighting,Ice,478,97,132,77,62,67,43
741,Oricorio (Baile Style),Oricorio,Fire,Flying,476,75,70,70,98,70,93
741,Oricorio (Pom-Pom Style),Oricorio,Electric,Flying,476,75,70,70,98,70,93
741,Oricorio (Pa'u Style),Oricorio,Psychic,Flying,476,75,70,70,98,70,93
741,Oricorio (Sensu Style),Oricorio,Ghost,Flying,476,75,70,70,98,70,93
742,Cutiefly,Cutiefly,Bug,Fairy,304,40,45,40,55,40,84
743,Ribombee,Ribombee,Bug,Fairy,464,60,55,60,95,70,124
744,Rockruff,Rockruff,Rock,,280,45,65,40,30,40,60
744,Rockruff (Own Tempo Rockruff),Rockruff,Rock,,280,45,65,40,30,40,60
745,Lycanroc (Midday Form),Lycanroc,Rock,,487,75,115,65,55,65,112
745,Lycanroc (Midnight Form),Lycanroc,Rock,,487,85,115,75,55,75,82
745,Lycanroc (Dusk Form),Lycanroc,Rock,,487,75,117,65,55,65,110
746,Wishiwashi (Solo Form),Wishiwashi,Water,,175,45,20,20,25,25,40
746,Wishiwashi (School Form),Wishiwashi,Water,,620,45,140,130,140,135,30
747,Mareanie,Mareanie,Poison,Water,305,50,53,62,43,52,45
748,Toxapex,Toxapex,Poison,Water,495,50,63,152,53,142,35
749,Mudbray,Mudbray,Ground,,385,70,100,70,45,55,45
750,Mudsdale,Mudsdale,Ground,,500,100,125,100,55,85,35
751,Dewpider,Dewpider,Water,Bug,269,38,40,52,40,72,27
752,Araquanid,Araquanid,Water,Bug,454,68,70,92,50,132,42
753,Fomantis,Fomantis,Grass,,250,40,55,35,50,35,35
754,Lurantis,Lurantis,Grass,,480,70,105,90,80,90,45
755,Morelull,Morelull,Grass,Fairy,285,40,35,55,65,75,15
756,Shiinotic,Shiinotic,Grass,Fairy,405,60,45,80,90,100,30
757,Salandit,Salandit,Poison,Fire,320,48,44,40,71,40,77
758,Salazzle,Salazzle,Poison,Fire,480,68,64,60,111,60,117
759,Stufful,Stufful,Normal,Fighting,340,70,75,50,45,50,50
760,Bewear,Bewear,Normal,Fighting,500,120,125,80,55,60,60
761,Bounsweet,Bounsweet,Grass,,210,42,30,38,30,38,32
762,Steenee,Steenee,Grass,,290,52,40,48,40,48,62
763,Tsareena,Tsareena,Grass,,510,72,120,98,50,98,72
764,Comfey,Comfey,Fairy,,485,51,52,90,82,110,100
765,Oranguru,Oranguru,Normal,Psychic,490,90,60,80,90,110,60
766,Passimian,Passimian,Fighting,,490,100,120,90,40,60,80
767,Wimpod,Wimpod,Bug,Water,230,25,35,40,20,30,80
768,Golisopod,Golisopod,Bug,Water,530,75,125,140,60,90,40
769,Sandygast,Sandygast,Ghost,Ground,320,55,55,80,70,45,15
770,Palossand,Palossand,Ghost,Ground,480,85,75,110,100,75,35
771,Pyukumuku,Pyukumuku,Water,,410,55,60,130,30,130,5
772,Type: Null,Type: Null,Normal,,534,95,95,95,95,95,59
773,Silvally,Silvally,Normal,,570,95,95,95,95,95,95
774,Minior (Meteor Form),Minior,Rock,Flying,440,60,60,100,60,100,60
774,Minior (Core Form),Minior,Rock,Flying,500,60,100,60,100,60,120
775,Komala,Komala,Normal,,480,65,115,65,75,95,65
776,Turtonator,Turtonator,Fire,Dragon,485,60,78,135,91,85,36
777,Togedemaru,Togedemaru,Electric,Steel,435,65,98,63,40,73,96
778,Mimikyu,Mimikyu,Ghost,Fairy,476,55,90,80,50,105,96
779,Bruxish,Bruxish,Water,Psychic,475,68,105,70,70,70,92
780,Drampa,Drampa,Normal,Dragon,485,78,60,85,135,91,36
781,Dhelmise,Dhelmise,Ghost,Grass,517,70,131,100,86,90,40
782,Jangmo-o,Jangmo-o,Dragon,,300,45,55,65,45,45,45
783,Hakamo-o,Hakamo-o,Dragon,Fighting,420,55,75,90,65,70,65
784,Kommo-o,Kommo-o,Dragon,Fighting,600,75,110,125,100,105,85
785,Tapu Koko,Tapu Koko,Electric,Fairy,570,70,115,85,95,75,130
786,Tapu Lele,Tapu Lele,Psychic,Fairy,570,70,85,75,130,115,95
787,Tapu Bulu,Tapu Bulu,Grass,Fairy,570,70,130,115,85,95,75
788,Tapu Fini,Tapu Fini,Water,Fairy,570,70,75,115,95,130,85
789,Cosmog,Cosmog,Psychic,,200,43,29,31,29,31,37
790,Cosmoem,Cosmoem,Psychic,,400,43,29,131,29,131,37
791,Solgaleo,Solgaleo,Psychic,Steel,680,137,137,107,113,89,97
792,Lunala,Lunala,Psychic,Ghost,680,137,113,89,137,107,97
793,Nihilego,Nihilego,Rock,Poison,570,109,53,47,127,131,103
794,Buzzwole,Buzzwole,Bug,Fighting,570,107,139,139,53,53,79
795,Pheromosa,Pheromosa,Bug,Fighting,570,71,137,37,137,37,151
796,Xurkitree,Xurkitree,Electric,,570,83,89,71,173,71,83
797,Celesteela,Celesteela,Steel,Flying,570,97,101,103,107,101,61
798,Kartana,Kartana,Grass,Steel,570,59,181,131,59,31,109
799,Guzzlord,Guzzlord,Dark,Dragon,570,223,101,53,97,53,43
800,Necrozma,Necrozma,Psychic,,600,97,107,101,127,89,79
800,Necrozma (Dusk Mane Necrozma),Necrozma,Psychic,Steel,680,97,157,127,113,109,77
800,Necrozma (Dawn Wings Necrozma),Necrozma,Psychic,Ghost,680,97,113,109,157,127,77
800,Necrozma (Ultra Necrozma),Necrozma,Psychic,Dragon,754,97,167,97,167,97,129
801,Magearna,Magearna,Steel,Fairy,600,80,95,115,130,115,65
802,Marshadow,Marshadow,Fighting,Ghost,600,90,125,80,90,90,125
803,Poipole,Poipole,Poison,,420,67,73,67,73,67,73
804,Naganadel,Naganadel,Poison,Dragon,540,73,73,73,127,73,121
805,Stakataka,Stakataka,Rock,Steel,570,61,131,211,53,101,13
806,Blacephalon,Blacephalon,Fire,Ghost,570,53,127,53,151,79,107
807,Zeraora,Zeraora,Electric,,600,88,112,75,102,80,143
808,Meltan,Meltan,Steel,,300,46,65,65,55,35,34
809,Melmetal,Melmetal,Steel,,600,135,143,143,80,65,34
810,Grookey,Grookey,Grass,,310,50,65,50,40,40,65
811,Thwackey,Thwackey,Grass,,420,70,85,70,55,60,80
812,Rillaboom,Rillaboom,Grass,,530,100,125,90,60,70,85
813,Scorbunny,Scorbunny,Fire,,310,50,71,40,40,40,69
814,Raboot,Raboot,Fire,,420,65,86,60,55,60,94
815,Cinderace,Cinderace,Fire,,530,80,116,75,65,75,119
816,Sobble,Sobble,Water,,310,50,40,40,70,40,70
817,Drizzile,Drizzile,Water,,420,65,60,55,95,55,90
818,Inteleon,Inteleon,Water,,530,70,85,65,125,65,120
819,Skwovet,Skwovet,Normal,,275,70,55,55,35,35,25
820,Greedent,Greedent,Normal,,460,120,95,95,55,75,20
821,Rookidee,Rookidee,Flying,,245,38,47,35,33,35,57
822,Corvisquire,Corvisquire,Flying,,365,68,67,55,43,55,77
823,Corviknight,Corviknight,Flying,Steel,495,98,87,105,53,85,67
824,Blipbug,Blipbug,Bug,,180,25,20,20,25,45,45
825,Dottler,Dottler,Bug,Psychic,335,50,35,80,50,90,30
826,Orbeetle,Orbeetle,Bug,Psychic,505,60,45,110,80,120,90
827,Nickit,Nickit,Dark,,245,40,28,28,47,52,50
828,Thievul,Thievul,Dark,,455,70,58,58,87,92,90
829,Gossifleur,Gossifleur,Grass,,250,40,40,60,40,60,10
830,Eldegoss,Eldegoss,Grass,,460,60,50,90,80,120,60
831,Wooloo,Wooloo,Normal,,270,42,40,55,40,45,48
832,Dubwool,Dubwool,Normal,,490,72,80,100,60,90,88
833,Chewtle,Chewtle,Water,,284,50,64,50,38,38,44
834,Drednaw,Drednaw,Water,Rock,485,90,115,90,48,68,74
835,Yamper,Yamper,Electric,,270,59,45,50,40,50,26
836,Boltund,Boltund,Electric,,490,69,90,60,90,60,121
837,Rolycoly,Rolycoly,Rock,,240,30,40,50,40,50,30
838,Carkol,Carkol,Rock,Fire,410,80,60,90,60,70,50
839,Coalossal,Coalossal,Rock,Fire,510,110,80,120,80,90,30
840,Applin,Applin,Grass,Dragon,260,40,40,80,40,40,20
841,Flapple,Flapple,Grass,Dragon,485,70,110,80,95,60,70
842,Appletun,Appletun,Grass,Dragon,485,110,85,80,100,80,30
843,Silicobra,Silicobra,Ground,,315,52,57,75,35,50,46
844,Sandaconda,Sandaconda,Ground,,510,72,107,125,65,70,71
845,Cramorant,Cramorant,Flying,Water,475,70,85,55,85,95,85
846,Arrokuda,Arrokuda,Water,,280,41,63,40,40,30,66
847,Barraskewda,Barraskewda,Water,,490,61,123,60,60,50,136
848,Toxel,Toxel,Electric,Poison,242,40,38,35,54,35,40
849,Toxtricity (Amped Form),Toxtricity,Electric,Poison,502,75,98,70,114,70,75
849,Toxtricity (Low Key Form),Toxtricity,Electric,Poison,502,75,98,70,114,70,75
850,Sizzlipede,Sizzlipede,Fire,Bug,305,50,65,45,50,50,45
851,Centiskorch,Centiskorch,Fire,Bug,525,100,115,65,90,90,65
852,Clobbopus,Clobbopus,Fighting,,310,50,68,60,50,50,32
853,Grapploct,Grapploct,Fighting,,480,80,118,90,70,80,42
854,Sinistea,Sinistea,Ghost,,308,40,45,45,74,54,50
855,Polteageist,Polteageist,Ghost,,508,60,65,65,134,114,70
856,Hatenna,Hatenna,Psychic,,265,42,30,45,56,53,39
857,Hattrem,Hattrem,Psychic,,370,57,40,65,86,73,49
858,Hatterene,Hatterene,Psychic,Fairy,510,57,90,95,136,103,29
859,Impidimp,Impidimp,Dark,Fairy,265,45,45,30,55,40,50
860,Morgrem,Morgrem,Dark,Fairy,370,65,60,45,75,55,70
861,Grimmsnarl,Grimmsnarl,Dark,Fairy,510,95,120,65,95,75,60
862,Obstagoon,Obstagoon,Dark,Normal,520,93,90,101,60,81,95
863,Perrserker,Perrserker,Steel,,440,70,110,100,50,60,50
864,Cursola,Cursola,Ghost,,510,60,95,50,145,130,30
865,Sirfetch'd,Sirfetch'd,Fighting,,507,62,135,95,68,82,65
866,Mr. Rime,Mr. Rime,Ice,Psychic,520,80,85,75,110,100,70
867,Runerigus,Runerigus,Ground,Ghost,483,58,95,145,50,105,30
868,Milcery,Milcery,Fairy,,270,45,40,40,50,61,34
869,Alcremie,Alcremie,Fairy,,495,65,60,75,110,121,64
870,Falinks,Falinks,Fighting,,470,65,100,100,70,60,75
871,Pincurchin,Pincurchin,Electric,,435,48,101,95,91,85,15
872,Snom,Snom,Ice,Bug,185,30,25,35,45,30,20
873,Frosmoth,Frosmoth,Ice,Bug,475,70,65,60,125,90,65
874,Stonjourner,Stonjourner,Rock,,470,100,125,135,20,20,70
875,Eiscue (Ice Face),Eiscue,Ice,,470,75,80,110,65,90,50
875,Eiscue (Noice Face),Eiscue,Ice,,470,75,80,70,65,50,130
876,Indeedee (Male),Indeedee,Psychic,Normal,475,60,65,55,105,95,95
876,Indeedee (Female),Indeedee,Psychic,Normal,475,70,55,65,95,105,85
877,Morpeko (Full Belly Mode),Morpeko,Electric,Dark,436,58,95,58,70,58,97
877,Morpeko (Hangry Mode),Morpeko,Electric,Dark,436,58,95,58,70,58,97
878,Cufant,Cufant,Steel,,330,72,80,49,40,49,40
879,Copperajah,Copperajah,Steel,,500,122,130,69,80,69,30
880,Dracozolt,Dracozolt,Electric,Dragon,505,90,100,90,80,70,75
881,Arctozolt,Arctozolt,Electric,Ice,505,90,100,90,90,80,55
882,Dracovish,Dracovish,Water,Dragon,505,90,90,100,70,80,75
883,Arctovish,Arctovish,Water,Ice,505,90,90,100,80,90,55
884,Duraludon,Duraludon,Steel,Dragon,535,70,95,115,120,50,85
885,Dreepy,Dreepy,Dragon,Ghost,270,28,60,30,40,30,82
886,Drakloak,Drakloak,Dragon,Ghost,410,68,80,50,60,50,102
887,Dragapult,Dragapult,Dragon,Ghost,600,88,120,75,100,75,142
888,Zacian (Hero of Many Battles),Zacian,Fairy,,660,92,120,115,80,115,138
888,Zacian (Crowned Sword),Zacian,Fairy,Steel,700,92,150,115,80,115,148
889,Zamazenta (Hero of Many Battles),Zamazenta,Fighting,,660,92,120,115,80,115,138
889,Zamazenta (Crowned Shield),Zamazenta,Fighting,Steel,700,92,120,140,80,140,128
890,Eternatus,Eternatus,Poison,Dragon,690,140,85,95,145,95,130
890,Eternatus (Eternamax),Eternatus,Poison,Dragon,1125,255,115,250,125,250,130
891,Kubfu,Kubfu,Fighting,,385,60,90,60,53,50,72
892,Urshifu (Single Strike Style),Urshifu,Fighting,Dark,550,100,130,100,63,60,97
892,Urshifu (Rapid Strike Style),Urshifu,Fighting,Water,550,100,130,100,63,60,97
893,Zarude,Zarude,Dark,Grass,600,105,120,105,70,95,105
894,Regieleki,Regieleki,Electric,,580,80,100,50,100,50,200
895,Regidrago,Regidrago,Dragon,,580,200,100,50,100,50,80
896,Glastrier,Glastrier,Ice,,580,100,145,130,65,110,30
897,Spectrier,Spectrier,Ghost,,580,100,65,60,145,80,130
898,Calyrex,Calyrex,Psychic,Grass,500,100,80,80,80,80,80
898,Calyrex (Ice Rider),Calyrex,Psychic,Ice,680,100,165,150,85,130,50
898,Calyrex (Shadow Rider),Calyrex,Psychic,Ghost,680,100,85,80,165,100,150
899,Wyrdeer,Wyrdeer,Normal,Psychic,525,103,105,72,105,75,65
900,Kleavor,Kleavor,Bug,Rock,500,70,135,95,45,70,85
901,Ursaluna,Ursaluna,Ground,Normal,550,130,140,105,45,80,50
901,Ursaluna (Bloodmoon),Ursaluna,Ground,Normal,555,113,70,120,135,65,52
902,Basculegion (Male),Basculegion,Water,Ghost,530,120,112,65,80,75,78
902,Basculegion (Female),Basculegion,Water,Ghost,530,120,92,65,100,75,78
903,Sneasler,Sneasler,Fighting,Poison,510,80,130,60,40,80,120
904,Overqwil,Overqwil,Dark,Poison,510,85,115,95,65,65,85
905,Enamorus (Incarnate Forme),Enamorus,Fairy,Flying,580,74,115,70,135,80,106
905,Enamorus (Therian Forme),Enamorus,Fairy,Flying,580,74,115,110,135,100,46
906,Sprigatito,Sprigatito,Grass,,310,40,61,54,45,45,65
907,Floragato,Floragato,Grass,,410,61,80,63,60,63,83
908,Meowscarada,Meowscarada,Grass,Dark,530,76,110,70,81,70,123
909,Fuecoco,Fuecoco,Fire,,310,67,45,59,63,40,36
910,Crocalor,Crocalor,Fire,,411,81,55,78,90,58,49
911,Skeledirge,Skeledirge,Fire,Ghost,530,104,75,100,110,75,66
912,Quaxly,Quaxly,Water,,310,55,65,45,50,45,50
913,Quaxwell,Quaxwell,Water,,410,70,85,65,65,60,65
914,Quaquaval,Quaquaval,Water,Fighting,530,85,120,80,85,75,85
915,Lechonk,Lechonk,Normal,,254,54,45,40,35,45,35
916,Oinkologne (Male),Oinkologne,Normal,,489,110,100,75,59,80,65
916,Oinkologne (Female),Oinkologne,Normal,,489,115,90,70,59,90,65
917,Tarountula,Tarountula,Bug,,210,35,41,45,29,40,20
918,Spidops,Spidops,Bug,,404,60,79,92,52,86,35
919,Nymble,Nymble,Bug,,210,33,46,40,21,25,45
920,Lokix,Lokix,Bug,Dark,450,71,102,78,52,55,92
921,Pawmi,Pawmi,Electric,,240,45,50,20,40,25,60
922,Pawmo,Pawmo,Electric,Fighting,350,60,75,40,50,40,85
923,Pawmot,Pawmot,Electric,Fighting,490,70,115,70,70,60,105
924,Tandemaus,Tandemaus,Normal,,305,50,50,45,40,45,75
925,Maushold (Family of Four),Maushold,Normal,,470,74,75,70,65,75,111
925,Maushold (Family of Three),Maushold,Normal,,470,74,75,70,65,75,111
926,Fidough,Fidough,Fairy,,312,37,55,70,30,55,65
927,Dachsbun,Dachsbun,Fairy,,477,57,80,115,50,80,95
928,Smoliv,Smoliv,Grass,Normal,260,41,35,45,58,51,30
929,Dolliv,Dolliv,Grass,Normal,354,52,53,60,78,78,33
930,Arboliva,Arboliva,Grass,Normal,510,78,69,90,125,109,39
931,Squawkabilly (Green Plumage),Squawkabilly,Normal,Flying,417,82,96,51,45,51,92
931,Squawkabilly (Blue Plumage),Squawkabilly,Normal,Flying,417,82,96,51,45,51,92
931,Squawkabilly (Yellow Plumage),Squawkabilly,Normal,Flying,417,82,96,51,45,51,92
931,Squawkabilly (White Plumage),Squawkabilly,Normal,Flying,417,82,96,51,45,51,92
932,Nacli,Nacli,Rock,,280,55,55,75,35,35,25
933,Naclstack,Naclstack,Rock,,355,60,60,100,35,65,35
934,Garganacl,Garganacl,Rock,,500,100,100,130,45,90,35
935,Charcadet,Charcadet,Fire,,255,40,50,40,50,40,35
936,Armarouge,Armarouge,Fire,Psychic,525,85,60,100,125,80,75
937,Ceruledge,Ceruledge,Fire,Ghost,525,75,125,80,60,100,85
938,Tadbulb,Tadbulb,Electric,,272,61,31,41,59,35,45
939,Bellibolt,Bellibolt,Electric,,495,109,64,91,103,83,45
940,Wattrel,Wattrel,Electric,Flying,280,40,40,35,55,40,70
941,Kilowattrel,Kilowattrel,Electric,Flying,490,70,70,60,105,60,125
942,Maschiff,Maschiff,Dark,,340,60,78,60,40,51,51
943,Mabosstiff,Mabosstiff,Dark,,505,80,120,90,60,70,85
944,Shroodle,Shroodle,Poison,Normal,290,40,65,35,40,35,75
945,Grafaiai,Grafaiai,Poison,Normal,485,63,95,65,80,72,110
946,Bramblin,Bramblin,Grass,Ghost,275,40,65,30,45,35,60
947,Brambleghast,Brambleghast,Grass,Ghost,480,55,115,70,80,70,90
948,Toedscool,Toedscool,Ground,Grass,335,40,40,35,50,100,70
949,Toedscruel,Toedscruel,Ground,Grass,515,80,70,65,80,120,100
950,Klawf,Klawf,Rock,,450,70,100,115,35,55,75
951,Capsakid,Capsakid,Grass,,304,50,62,40,62,40,50
952,Scovillain,Scovillain,Grass,Fire,486,65,108,65,108,65,75
953,Rellor,Rellor,Bug,,270,41,50,60,31,58,30
954,Rabsca,Rabsca,Bug,Psychic,470,75,50,85,115,100,45
955,Flittle,Flittle,Psychic,,255,30,35,30,55,30,75
956,Espathra,Espathra,Psychic,,481,95,60,60,101,60,105
957,Tinkatink,Tinkatink,Fairy,Steel,297,50,45,45,35,64,58
958,Tinkatuff,Tinkatuff,Fairy,Steel,380,65,55,55,45,82,78
959,Tinkaton,Tinkaton,Fairy,Steel,506,85,75,77,70,105,94
960,Wiglett,Wiglett,Water,,245,10,55,25,35,25,95
961,Wugtrio,Wugtrio,Water,,425,35,100,50,50,70,120
962,Bombirdier,Bombirdier,Flying,Dark,485,70,103,85,60,85,82
963,Finizen,Finizen,Water,,315,70,45,40,45,40,75
964,Palafin (Zero Form),Palafin,Water,,457,100,70,72,53,62,100
964,Palafin (Hero Form),Palafin,Water,,650,100,160,97,106,87,100
965,Varoom,Varoom,Steel,Poison,300,45,70,63,30,45,47
966,Revavroom,Revavroom,Steel,Poison,500,80,119,90,54,67,90
967,Cyclizar,Cyclizar,Dragon,Normal,501,70,95,65,85,65,121
968,Orthworm,Orthworm,Steel,,480,70,85,145,60,55,65
969,Glimmet,Glimmet,Rock,Poison,350,48,35,42,105,60,60
970,Glimmora,Glimmora,Rock,Poison,525,83,55,90,130,81,86
971,Greavard,Greavard,Ghost,,290,50,61,60,30,55,34
972,Houndstone,Houndstone,Ghost,,488,72,101,100,50,97,68
973,Flamigo,Flamigo,Flying,Fighting,500,82,115,74,75,64,90
974,Cetoddle,Cetoddle,Ice,,334,108,68,45,30,40,43
975,Cetitan,Cetitan,Ice,,521,170,113,65,45,55,73
976,Veluza,Veluza,Water,Psychic,478,90,102,73,78,65,70
977,Dondozo,Dondozo,Water,,530,150,100,115,65,65,35
978,Tatsugiri (Curly Form),Tatsugiri,Dragon,Water,475,68,50,60,120,95,82
978,Tatsugiri (Droopy Form),Tatsugiri,Dragon,Water,475,68,50,60,120,95,82
978,Tatsugiri (Stretchy Form),Tatsugiri,Dragon,Water,475,68,50,60,120,95,82
979,Annihilape,Annihilape,Fighting,Ghost,535,110,115,80,50,90,90
980,Clodsire,Clodsire,Poison,Ground,430,130,75,60,45,100,20
981,Farigiraf,Farigiraf,Normal,Psychic,520,120,90,70,110,70,60
982,Dudunsparce (Two-Segment Form),Dudunsparce,Normal,,520,125,100,80,85,75,55
982,Dudunsparce (Three-Segment Form),Dudunsparce,Normal,,520,125,100,80,85,75,55
983,Kingambit,Kingambit,Dark,Steel,550,100,135,120,60,85,50
984,Great Tusk,Great Tusk,Ground,Fighting,570,115,131,131,53,53,87
985,Scream Tail,Scream Tail,Fairy,Psychic,570,115,65,99,65,115,111
986,Brute Bonnet,Brute Bonnet,Grass,Dark,570,111,127,99,79,99,55
987,Flutter Mane,Flutter Mane,Ghost,Fairy,570,55,55,55,135,135,135
988,Slither Wing,Slither Wing,Bug,Fighting,570,85,135,79,85,105,81
989,Sandy Shocks,Sandy Shocks,Electric,Ground,570,85,81,97,121,85,101
990,Iron Treads,Iron Treads,Ground,Steel,570,90,112,120,72,70,106
991,Iron Bundle,Iron Bundle,Ice,Water,570,56,80,114,124,60,136
992,Iron Hands,Iron Hands,Fighting,Electric,570,154,140,108,50,68,50
993,Iron Jugulis,Iron Jugulis,Dark,Flying,570,94,80,86,122,80,108
994,Iron Moth,Iron Moth,Fire,Poison,570,80,70,60,140,110,110
995,Iron Thorns,Iron Thorns,Rock,Electric,570,100,134,110,70,84,72
996,Frigibax,Frigibax,Dragon,Ice,320,65,75,45,35,45,55
997,Arctibax,Arctibax,Dragon,Ice,423,90,95,66,45,65,62
998,Baxcalibur,Baxcalibur,Dragon,Ice,600,115,145,92,75,86,87
999,Gimmighoul (Chest Form),Gimmighoul,Ghost,,300,45,30,70,75,70,10
999,Gimmighoul (Roaming Form),Gimmighoul,Ghost,,300,45,30,25,75,45,80
1000,Gholdengo,Gholdengo,Steel,Ghost,550,87,60,95,133,91,84
1001,Wo-Chien,Wo-Chien,Dark,Grass,570,85,85,100,95,135,70
1002,Chien-Pao,Chien-Pao,Dark,Ice,570,80,120,80,90,65,135
1003,Ting-Lu,Ting-Lu,Dark,Ground,570,155,110,125,55,80,45
1004,Chi-Yu,Chi-Yu,Dark,Fire,570,55,80,80,135,120,100
1005,Roaring Moon,Roaring Moon,Dragon,Dark,590,105,139,71,55,101,119
1006,Iron Valiant,Iron Valiant,Fairy,Fighting,590,74,130,90,120,60,116
1007,Koraidon,Koraidon,Fighting,Dragon,670,100,135,115,85,100,135
1008,Miraidon,Miraidon,Electric,Dragon,670,100,85,100,135,115,135
1009,Walking Wake,Walking Wake,Water,Dragon,590,99,83,91,125,83,109
1010,Iron Leaves,Iron Leaves,Grass,Psychic,590,90,130,88,70,108,104
1011,Dipplin,Dipplin,Grass,Dragon,485,80,80,110,95,80,40
1012,Poltchageist,Poltchageist,Grass,Ghost,308,40,45,45,74,54,50
1013,Sinistcha,Sinistcha,Grass,Ghost,508,71,60,106,121,80,70
1014,Okidogi,Okidogi,Poison,Fighting,555,88,128,115,58,86,80
1015,Munkidori,Munkidori,Poison,Psychic,555,88,75,66,130,90,106
1016,Fezandipiti,Fezandipiti,Poison,Fairy,555,88,91,82,70,125,99
1017,Ogerpon (Teal Mask),Ogerpon,Grass,,550,80,120,84,60,96,110
1017,Ogerpon (Wellspring Mask),Ogerpon,Grass,Water,550,80,120,84,60,96,110
1017,Ogerpon (Hearthflame Mask),Ogerpon,Grass,Fire,550,80,120,84,60,96,110
1017,Ogerpon (Cornerstone Mask),Ogerpon,Grass,Rock,550,80,120,84,60,96,110
1018,Archaludon,Archaludon,Steel,Dragon,600,90,105,130,125,65,85
1019,Hydrapple,Hydrapple,Grass,Dragon,540,106,80,110,120,80,44
1020,Gouging Fire,Gouging Fire,Fire,Dragon,590,105,115,121,65,93,91
1021,Raging Bolt,Raging Bolt,Electric,Dragon,590,125,73,91,137,89,75
1022,Iron Boulder,Iron Boulder,Rock,Psychic,590,90,120,80,68,108,124
1023,Iron Crown,Iron Crown,Steel,Psychic,590,90,72,100,122,108,98
1024,Terapagos (Normal Form),Terapagos,Normal,,450,90,65,85,65,85,60
1024,Terapagos (Terastal Form),Terapagos,Normal,,600,95,95,110,105,110,85
1024,Terapagos (Stellar Form),Terapagos,Normal,,700,160,105,110,130,110,85
1025,Pecharunt,Pecharunt,Poison,Ghost,600,88,88,160,88,88,88
